file,start,end,specie
AM4_20230601_060000.WAV,0.0,2.134549,Carduelis carduelis
AM4_20230601_060000.WAV,2.134549,2.920735,Chloris chloris
AM4_20230601_060000.WAV,2.75919,3.27398,Unk
AM4_20230601_060000.WAV,3.27398,4.448571,Unk
AM4_20230601_060000.WAV,4.448571,4.902857,Luscinia megarhynchos
AM4_20230601_060000.WAV,4.755887,5.249138,Unk
AM4_20230601_060000.WAV,5.298679,5.785468,Unk
AM4_20230601_060000.WAV,5.593768,5.84147,Unk
AM4_20230601_060000.WAV,5.7,6.745714,Luscinia megarhynchos
AM4_20230601_060000.WAV,6.612579,6.840896,Unk
AM4_20230601_060000.WAV,6.636272,9.99641,Unk
AM4_20230601_060000.WAV,8.225876,8.464963,Unk
AM4_20230601_060000.WAV,9.99641,11.222124,Luscinia megarhynchos
AM4_20230601_060000.WAV,10.918294,11.002298,Unk
AM4_20230601_060000.WAV,11.88,12.642857,Chloris chloris
AM4_20230601_060000.WAV,12.604825,12.699598,Unk
AM4_20230601_060000.WAV,12.642857,13.014072,Unk
AM4_20230601_060000.WAV,12.968571,13.362857,Coturnix coturnix
AM4_20230601_060000.WAV,13.534286,13.62,Luscinia megarhynchos
AM4_20230601_060000.WAV,13.765796,13.996267,Turdus merula
AM4_20230601_060000.WAV,13.996267,15.734492,Unk
AM4_20230601_060000.WAV,15.187392,15.286473,Unk
AM4_20230601_060000.WAV,15.734492,16.139431,Curruca melanocephala
AM4_20230601_060000.WAV,16.139431,17.091429,Unk
AM4_20230601_060000.WAV,16.180356,16.257898,Unk
AM4_20230601_060000.WAV,17.091429,17.185714,Luscinia megarhynchos
AM4_20230601_060000.WAV,17.708571,18.582857,Luscinia megarhynchos
AM4_20230601_060000.WAV,18.334291,18.409678,Unk
AM4_20230601_060000.WAV,19.060167,19.667576,Unk
AM4_20230601_060000.WAV,19.667576,20.774698,Luscinia megarhynchos
AM4_20230601_060000.WAV,20.292217,20.744543,Unk
AM4_20230601_060000.WAV,20.774698,21.557143,Unk
AM4_20230601_060000.WAV,20.79193,20.886703,Unk
AM4_20230601_060000.WAV,21.557143,22.868571,Luscinia megarhynchos
AM4_20230601_060000.WAV,22.84463,22.926479,Unk
AM4_20230601_060000.WAV,22.868571,23.588571,Unk
AM4_20230601_060000.WAV,23.588571,24.094286,Luscinia megarhynchos
AM4_20230601_060000.WAV,23.818208,23.902211,Unk
AM4_20230601_060000.WAV,24.094286,24.78,Unk
AM4_20230601_060000.WAV,24.78,25.688571,Luscinia megarhynchos
AM4_20230601_060000.WAV,25.62,26.014286,Curruca melanocephala
AM4_20230601_060000.WAV,26.014286,26.663555,Unk
AM4_20230601_060000.WAV,26.346927,26.43093,Unk
AM4_20230601_060000.WAV,26.663555,27.236502,Unk
AM4_20230601_060000.WAV,27.247272,28.067921,Unk
AM4_20230601_060000.WAV,27.51436,28.421166,Unk
AM4_20230601_060000.WAV,28.165714,29.125714,Luscinia megarhynchos
AM4_20230601_060000.WAV,29.854286,30.197143,Coturnix coturnix
AM4_20230601_060000.WAV,30.641872,30.98004,Unk
AM4_20230601_060000.WAV,30.652642,31.886847,Carduelis carduelis
AM4_20230601_060000.WAV,31.012349,31.169586,Coturnix coturnix
AM4_20230601_060000.WAV,31.886847,32.854286,Unk
AM4_20230601_060000.WAV,32.854286,33.394286,Luscinia megarhynchos
AM4_20230601_060000.WAV,33.394286,34.637421,Unk
AM4_20230601_060000.WAV,34.628571,35.271429,Luscinia megarhynchos
AM4_20230601_060000.WAV,35.038053,35.130672,Unk
AM4_20230601_060000.WAV,35.391298,35.475302,Unk
AM4_20230601_060000.WAV,35.647616,35.740235,Unk
AM4_20230601_060000.WAV,35.895319,36.901206,Luscinia megarhynchos
AM4_20230601_060000.WAV,36.659966,36.765508,Unk
AM4_20230601_060000.WAV,36.901206,40.463814,Unk
AM4_20230601_060000.WAV,37.988943,38.09664,Unk
AM4_20230601_060000.WAV,39.302843,39.376077,Unk
AM4_20230601_060000.WAV,40.360425,40.442275,Unk
AM4_20230601_060000.WAV,40.463814,41.43093,Luscinia megarhynchos
AM4_20230601_060000.WAV,40.463814,41.43093,Unk
AM4_20230601_060000.WAV,40.720132,40.821367,Unk
AM4_20230601_060000.WAV,40.821367,42.291429,Luscinia megarhynchos
AM4_20230601_060000.WAV,41.329696,41.411545,Unk
AM4_20230601_060000.WAV,42.497128,42.589747,Unk
AM4_20230601_060000.WAV,43.01838,44.53475,Chloris chloris
AM4_20230601_060000.WAV,43.774411,43.860569,Unk
AM4_20230601_060000.WAV,44.853532,46.44529,Luscinia megarhynchos
AM4_20230601_060000.WAV,45.284319,45.372631,Unk
AM4_20230601_060000.WAV,45.651429,46.071429,Luscinia megarhynchos
AM4_20230601_060000.WAV,46.44529,47.718265,Unk
AM4_20230601_060000.WAV,47.013929,47.115164,Unk
AM4_20230601_060000.WAV,47.718265,47.793653,Merops apiaster
AM4_20230601_060000.WAV,47.810885,48.069357,Luscinia megarhynchos
AM4_20230601_060000.WAV,48.069357,49.238943,Unk
AM4_20230601_060000.WAV,48.508759,48.599225,Unk
AM4_20230601_060000.WAV,49.238943,49.982051,Chloris chloris
AM4_20230601_060000.WAV,49.602857,50.888571,Luscinia megarhynchos
AM4_20230601_060000.WAV,50.305141,50.389144,Unk
AM4_20230601_060000.WAV,50.511429,51.445714,Cettia cetti
AM4_20230601_060000.WAV,51.445714,53.919443,Unk
AM4_20230601_060000.WAV,51.922746,52.008903,Unk
AM4_20230601_060000.WAV,53.93452,54.255457,Unk
AM4_20230601_060000.WAV,54.050833,55.765365,Luscinia megarhynchos
AM4_20230601_060000.WAV,54.658242,54.731476,Unk
AM4_20230601_060000.WAV,55.765365,56.934951,Luscinia megarhynchos
AM4_20230601_060000.WAV,56.934951,58.492246,Unk
AM4_20230601_060000.WAV,58.492246,58.815336,Unk
AM4_20230601_060000.WAV,58.93811,59.836301,Luscinia megarhynchos
AM4_20230601_061000.WAV,0.0,1.180356,Chloris chloris
AM4_20230601_061000.WAV,0.366169,0.495405,Unk
AM4_20230601_061000.WAV,1.348363,1.641298,Unk
AM4_20230601_061000.WAV,1.57668,3.368754,Luscinia megarhynchos
AM4_20230601_061000.WAV,2.412407,2.515796,Unk
AM4_20230601_061000.WAV,3.097358,3.691844,Unk
AM4_20230601_061000.WAV,4.230327,5.160827,Unk
AM4_20230601_061000.WAV,4.630959,4.738656,Unk
AM4_20230601_061000.WAV,5.160827,6.513498,Luscinia megarhynchos
AM4_20230601_061000.WAV,5.656232,5.746697,Unk
AM4_20230601_061000.WAV,6.535037,6.668581,Unk
AM4_20230601_061000.WAV,6.810741,6.875359,Unk
AM4_20230601_061000.WAV,6.810741,7.452613,Unk
AM4_20230601_061000.WAV,7.435382,7.517231,Unk
AM4_20230601_061000.WAV,7.517231,7.603389,Cisticola juncidis
AM4_20230601_061000.WAV,8.141872,9.60224,Luscinia megarhynchos
AM4_20230601_061000.WAV,8.296956,12.604825,Cisticola juncidis
AM4_20230601_061000.WAV,9.99641,11.665709,Curruca melanocephala
AM4_20230601_061000.WAV,11.411545,12.968571,Luscinia megarhynchos
AM4_20230601_061000.WAV,13.070075,13.233774,Coturnix coturnix
AM4_20230601_061000.WAV,13.362857,16.158817,Cisticola juncidis
AM4_20230601_061000.WAV,13.86703,14.241815,Coturnix coturnix
AM4_20230601_061000.WAV,14.870764,15.236933,Coturnix coturnix
AM4_20230601_061000.WAV,15.66772,17.046238,Unk
AM4_20230601_061000.WAV,15.87019,16.232051,Coturnix coturnix
AM4_20230601_061000.WAV,16.860999,17.231476,Coturnix coturnix
AM4_20230601_061000.WAV,17.046238,21.827972,Unk
AM4_20230601_061000.WAV,17.925043,18.312751,Coturnix coturnix
AM4_20230601_061000.WAV,19.667576,20.774698,Luscinia megarhynchos
AM4_20230601_061000.WAV,19.958357,20.774698,Curruca melanocephala
AM4_20230601_061000.WAV,22.090752,31.064044,Carduelis carduelis
AM4_20230601_061000.WAV,29.461516,30.043079,Cisticola juncidis
AM4_20230601_061000.WAV,31.068352,31.150201,Cisticola juncidis
AM4_20230601_061000.WAV,32.558874,33.864159,Unk
AM4_20230601_061000.WAV,35.570075,36.474727,Unk
AM4_20230601_061000.WAV,36.474727,42.273119,Carduelis carduelis
AM4_20230601_061000.WAV,42.238656,43.212234,Unk
AM4_20230601_061000.WAV,42.324813,43.996267,Emberiza calandra
AM4_20230601_061000.WAV,44.375359,44.750144,Emberiza calandra
AM4_20230601_061000.WAV,44.504595,47.326249,Carduelis carduelis
AM4_20230601_061000.WAV,46.025273,47.265939,Emberiza calandra
AM4_20230601_061000.WAV,47.873349,60.0,Unk
AM4_20230601_061000.WAV,48.670304,48.743538,Emberiza calandra
AM4_20230601_061000.WAV,49.445721,49.4888,Emberiza calandra
AM4_20230601_061000.WAV,50.888571,51.815049,Emberiza calandra
AM4_20230601_061000.WAV,52.952326,54.162837,Pica pica
AM4_20230601_061000.WAV,53.08587,53.133257,Emberiza calandra
AM4_20230601_061000.WAV,54.050833,55.705055,Emberiza calandra
AM4_20230601_061000.WAV,56.687249,57.889144,Emberiza calandra
AM4_20230601_061000.WAV,58.910109,59.672602,Emberiza calandra
AM4_20230601_062000.WAV,0.0,1.292361,Unk
AM4_20230601_062000.WAV,1.292361,1.748995,Luscinia megerhynchos
AM4_20230601_062000.WAV,1.748995,2.619184,Unk
AM4_20230601_062000.WAV,2.619184,3.411832,Luscinia megerhynchos
AM4_20230601_062000.WAV,3.411832,10.761057,Unk
AM4_20230601_062000.WAV,8.684664,8.8139,Luscinia megerhynchos
AM4_20230601_062000.WAV,10.761057,11.510626,Luscinia megerhynchos
AM4_20230601_062000.WAV,11.510626,12.165422,Unk
AM4_20230601_062000.WAV,12.165422,15.004308,Linaria cannabina
AM4_20230601_062000.WAV,15.004308,15.603102,Fringillidae
AM4_20230601_062000.WAV,15.697875,17.003159,Curruca melanocephala
AM4_20230601_062000.WAV,17.046238,19.540494,Linaria cannabina
AM4_20230601_062000.WAV,19.605112,20.113441,Galerida theklae
AM4_20230601_062000.WAV,20.238369,20.824239,Galerida theklae
AM4_20230601_062000.WAV,21.164561,21.85382,Luscinia megerhynchos
AM4_20230601_062000.WAV,21.85382,23.137565,Unk
AM4_20230601_062000.WAV,23.137565,23.486502,Galerida theklae
AM4_20230601_062000.WAV,23.529581,23.762206,Curruca melanocephala
AM4_20230601_062000.WAV,23.762206,24.563469,Unk
AM4_20230601_062000.WAV,24.563469,25.91614,Galerida theklae
AM4_20230601_062000.WAV,25.91614,26.924182,Unk
AM4_20230601_062000.WAV,27.484204,28.067921,Curruca melanocephala
AM4_20230601_062000.WAV,27.880528,28.332855,Galerida theklae
AM4_20230601_062000.WAV,28.276852,28.380241,Unk
AM4_20230601_062000.WAV,28.595635,29.396898,Luscinia megerhynchos
AM4_20230601_062000.WAV,29.461516,30.534176,Fringillidae
AM4_20230601_062000.WAV,31.77915,33.967547,Curruca melanocephala
AM4_20230601_062000.WAV,33.597071,35.038053,Falco tinnunculus
AM4_20230601_062000.WAV,34.678346,35.341758,Unk
AM4_20230601_062000.WAV,35.341758,40.002872,Carduelis carduelis
AM4_20230601_062000.WAV,39.326536,41.497702,Falco tinnunculus
AM4_20230601_062000.WAV,41.588168,43.996267,Linaria cannabina
AM4_20230601_062000.WAV,41.588168,43.996267,Carduelis carduelis
AM4_20230601_062000.WAV,45.577254,46.071429,Carduelis carduelis
AM4_20230601_062000.WAV,47.013929,47.593337,Unk
AM4_20230601_062000.WAV,47.800115,48.420448,Luscinia megerhynchos
AM4_20230601_062000.WAV,49.135554,51.12579,Unk
AM4_20230601_062000.WAV,51.12579,51.961516,Galerida theklae
AM4_20230601_062000.WAV,53.021252,55.153647,Fringillidae
AM4_20230601_062000.WAV,55.153647,55.442275,Saxicola rubicola
AM4_20230601_062000.WAV,55.726594,55.782596,Saxicola rubicola
AM4_20230601_062000.WAV,56.687249,57.087881,Galerida theklae
AM4_20230601_062000.WAV,57.139575,57.587593,Linaria cannabina
AM4_20230601_062000.WAV,57.587593,60.0,Unk
AM4_20230601_063000.WAV,0.073234,0.366169,Unk
AM4_20230601_063000.WAV,0.693567,1.115738,Fringillidae
AM4_20230601_063000.WAV,1.680069,2.619184,Luscinia megarhynchos
AM4_20230601_063000.WAV,4.230327,6.535037,Carduelis carduelis
AM4_20230601_063000.WAV,6.36703,7.452613,Unk
AM4_20230601_063000.WAV,6.535037,6.875359,Unk
AM4_20230601_063000.WAV,7.685238,8.021252,Carduelis carduelis
AM4_20230601_063000.WAV,8.021252,10.85583,Unk
AM4_20230601_063000.WAV,11.626939,12.428202,Luscinia megarhynchos
AM4_20230601_063000.WAV,13.048535,16.63699,Saxicola rubicola
AM4_20230601_063000.WAV,13.070075,13.126077,Saxicola rubicola
AM4_20230601_063000.WAV,13.569787,14.93969,Carduelis carduelis
AM4_20230601_063000.WAV,16.279437,18.006893,Carduelis carduelis
AM4_20230601_063000.WAV,18.006893,18.743538,Unk
AM4_20230601_063000.WAV,18.205055,18.825388,Saxicola rubicola
AM4_20230601_063000.WAV,19.540494,19.99282,Luscinia megarhynchos
AM4_20230601_063000.WAV,20.13498,25.162263,Carduelis carduelis
AM4_20230601_063000.WAV,20.953475,21.599655,Saxicola rubicola
AM4_20230601_063000.WAV,23.417576,24.451465,Saxicola rubicola
AM4_20230601_063000.WAV,25.885985,28.720563,Saxicola rubicola
AM4_20230601_063000.WAV,26.433084,27.686674,Luscinia megarhynchos
AM4_20230601_063000.WAV,27.940839,31.477599,Carduelis carduelis
AM4_20230601_063000.WAV,29.086732,30.271396,Unk
AM4_20230601_063000.WAV,29.215968,29.551982,Saxicola rubicola
AM4_20230601_063000.WAV,29.763067,30.103389,Saxicola rubicola
AM4_20230601_063000.WAV,30.305859,30.637565,Saxicola rubicola
AM4_20230601_063000.WAV,30.90896,31.25359,Saxicola rubicola
AM4_20230601_063000.WAV,31.477599,31.753303,Luscinia megarhynchos
AM4_20230601_063000.WAV,31.753303,38.856979,Unk
AM4_20230601_063000.WAV,33.312751,34.105399,Saxicola rubicola
AM4_20230601_063000.WAV,39.404078,40.058874,Luscinia megarhynchos
AM4_20230601_063000.WAV,39.559161,41.842332,Saxicola rubicola
AM4_20230601_063000.WAV,42.906376,43.923033,Luscinia megarhynchos
AM4_20230601_063000.WAV,42.940839,45.874497,Saxicola rubicola
AM4_20230601_063000.WAV,46.667145,50.501149,Saxicola rubicola
AM4_20230601_063000.WAV,51.1861,51.815049,Luscinia megarhynchos
AM4_20230601_063000.WAV,52.185526,60.0,Unk
AM4_20230601_063000.WAV,54.981333,55.071798,Cisticola juncidis
AM4_20230601_063000.WAV,55.946295,56.049684,Cisticola juncidis
AM4_20230601_063000.WAV,56.84664,56.934951,Cisticola juncidis
AM4_20230601_063000.WAV,57.7556,57.854681,Cisticola juncidis
AM4_20230601_063000.WAV,58.647329,58.74641,Cisticola juncidis
AM4_20230601_063000.WAV,59.694141,59.780299,Cisticola juncidis
AM4_20230601_064000.WAV,0.0,0.715714,Chloris chloris
AM4_20230601_064000.WAV,1.847143,3.57,Luscinia megarhynchos
AM4_20230601_064000.WAV,3.57,4.71,Unk
AM4_20230601_064000.WAV,5.228571,6.158571,Unk
AM4_20230601_064000.WAV,6.282857,7.157143,TURMER/LUSMEG
AM4_20230601_064000.WAV,6.304286,8.225876,Curruca melanocephala
AM4_20230601_064000.WAV,8.16,9.055714,Unk
AM4_20230601_064000.WAV,9.038571,10.208571,Curruca melanocephala
AM4_20230601_064000.WAV,9.18,10.277143,Unk
AM4_20230601_064000.WAV,11.112857,45.398571,Cisticola juncidis
AM4_20230601_064000.WAV,11.361429,12.21,Unk
AM4_20230601_064000.WAV,12.158571,12.874286,Unk
AM4_20230601_064000.WAV,12.771429,14.07,Carduelis carduelis
AM4_20230601_064000.WAV,14.811429,15.977143,Unk
AM4_20230601_064000.WAV,16.521429,17.231476,Unk
AM4_20230601_064000.WAV,31.25359,31.727143,Curruca melanocephala
AM4_20230601_064000.WAV,32.794286,32.854286,Saxicola rubicola
AM4_20230601_064000.WAV,33.505714,33.565714,Saxicola rubicola
AM4_20230601_064000.WAV,33.75,34.037143,Saxicola rubicola
AM4_20230601_064000.WAV,37.778571,38.468571,Curruca melanocephala
AM4_20230601_064000.WAV,39.137143,39.608571,Saxicola rubicola
AM4_20230601_064000.WAV,42.454286,43.01838,Curruca melanocephala
AM4_20230601_064000.WAV,55.594286,59.871429,Unk
AM4_20230601_065000.WAV,0.0,1.064044,Unk
AM4_20230601_065000.WAV,0.099081,1.064044,Unk
AM4_20230601_065000.WAV,0.495405,0.594486,Saxicola rubicola
AM4_20230601_065000.WAV,0.766801,1.641298,Curruca melanocephala
AM4_20230601_065000.WAV,1.085583,1.292361,Luscinia megarhynchos
AM4_20230601_065000.WAV,1.882539,2.791499,Saxicola rubicola
AM4_20230601_065000.WAV,2.106548,3.454911,Alaudidae
AM4_20230601_065000.WAV,4.187249,5.061746,Luscinia megarhynchos
AM4_20230601_065000.WAV,5.061746,5.919012,Curruca melanocephala
AM4_20230601_065000.WAV,6.048248,6.282857,Fringillidae
AM4_20230601_065000.WAV,7.021827,8.684664,Alaudidae
AM4_20230601_065000.WAV,9.046525,10.208571,Luscinia megarhynchos
AM4_20230601_065000.WAV,10.743825,11.010913,Unk
AM4_20230601_065000.WAV,10.834291,10.918294,Cisticola juncidis
AM4_20230601_065000.WAV,11.019529,11.50201,Curruca melanocephala
AM4_20230601_065000.WAV,11.549397,11.626939,Saxicola rubicola
AM4_20230601_065000.WAV,12.996841,13.233774,Saxicola rubicola
AM4_20230601_065000.WAV,13.88857,14.67691,Unk
AM4_20230601_065000.WAV,14.039345,14.108271,Cisticola juncidis
AM4_20230601_065000.WAV,14.811429,14.926766,Cisticola juncidis
AM4_20230601_065000.WAV,14.811429,14.913843,Cisticola juncidis
AM4_20230601_065000.WAV,15.572947,16.158817,Luscinia megarhynchos
AM4_20230601_065000.WAV,15.87019,15.977143,Cisticola juncidis
AM4_20230601_065000.WAV,16.57668,16.787766,Unk
AM4_20230601_065000.WAV,16.886847,17.584721,Luscinia megarhynchos
AM4_20230601_065000.WAV,17.662263,19.355256,Unk
AM4_20230601_065000.WAV,17.708571,17.800115,Cisticola juncidis
AM4_20230601_065000.WAV,17.881964,18.205055,Curruca melanocephala
AM4_20230601_065000.WAV,19.902355,20.292217,Unk
AM4_20230601_065000.WAV,20.07467,20.199598,Cisticola juncidis
AM4_20230601_065000.WAV,20.774698,21.087019,Unk
AM4_20230601_065000.WAV,21.220563,32.313326,Cisticola juncidis
AM4_20230601_065000.WAV,23.137565,25.799828,Unk
AM4_20230601_065000.WAV,26.614015,26.950029,Curruca melanocephala
AM4_20230601_065000.WAV,28.690408,30.684951,Luscinia megarhynchos
AM4_20230601_065000.WAV,32.619184,33.420448,Unk
AM4_20230601_065000.WAV,34.135554,35.160827,Curruca melanocephala
AM4_20230601_065000.WAV,34.28633,35.294371,Unk
AM4_20230601_065000.WAV,34.717117,34.79035,Unk
AM4_20230601_065000.WAV,35.570075,36.952901,Luscinia megarhynchos
AM4_20230601_065000.WAV,37.31907,38.434808,Unk
AM4_20230601_065000.WAV,39.007754,39.608571,Unk
AM4_20230601_065000.WAV,40.058874,40.65336,Luscinia megarhynchos
AM4_20230601_065000.WAV,40.196726,45.676335,Unk
AM4_20230601_065000.WAV,41.497702,44.586445,Unk
AM4_20230601_065000.WAV,44.586445,44.887995,Curruca melanocephala
AM4_20230601_065000.WAV,44.642447,44.814762,Unk
AM4_20230601_065000.WAV,44.926766,45.310167,Unk
AM4_20230601_065000.WAV,45.327398,47.942275,Emberiza calandra
AM4_20230601_065000.WAV,47.265939,59.327972,Unk
AM4_20230601_065000.WAV,47.795807,48.420448,Saxicola rubicola
AM4_20230601_065000.WAV,48.790925,50.371913,Luscinia megarhynchos
AM4_20230601_065000.WAV,50.406376,50.888571,Unk
AM4_20230601_065000.WAV,50.966399,51.672889,Unk
AM4_20230601_065000.WAV,51.672889,51.875359,Unk
AM4_20230601_065000.WAV,52.349225,52.693854,Luscinia megarhynchos
AM4_20230601_065000.WAV,53.163412,53.624354,Unk
AM4_20230601_065000.WAV,53.452039,53.529581,Saxicola rubicola
AM4_20230601_065000.WAV,53.887134,54.46008,Curruca melanocephala
AM4_20230601_065000.WAV,54.658242,55.425043,Unk
AM4_20230601_065000.WAV,55.972142,56.213383,Unk
AM4_20230601_065000.WAV,56.532165,56.975876,Unk
AM4_20230601_065000.WAV,57.087881,59.000574,Carduelis carduelis
AM4_20230601_065000.WAV,59.052269,59.724296,Unk
AM4_20230601_070000.WAV,0.017231,0.702183,Unk
AM4_20230601_070000.WAV,0.706491,0.792648,Luscinia megarhynchos
AM4_20230601_070000.WAV,1.038196,1.25359,Unk
AM4_20230601_070000.WAV,1.468983,1.546525,Luscinia megarhynchos
AM4_20230601_070000.WAV,1.990235,2.296094,Unk
AM4_20230601_070000.WAV,2.356404,2.791499,Luscinia megarhynchos
AM4_20230601_070000.WAV,2.95089,3.338599,Unk
AM4_20230601_070000.WAV,3.635841,3.786617,Carduelis carduelis
AM4_20230601_070000.WAV,4.187249,4.260482,Saxicola rubicola
AM4_20230601_070000.WAV,4.501723,4.574957,Saxicola rubicola
AM4_20230601_070000.WAV,4.93251,4.988512,Saxicola rubicola
AM4_20230601_070000.WAV,5.160827,5.656232,Unk
AM4_20230601_070000.WAV,5.824239,5.970706,Unk
AM4_20230601_070000.WAV,6.112866,6.190408,Luscinia megarhynchos
AM4_20230601_070000.WAV,6.220563,7.663699,Unk
AM4_20230601_070000.WAV,6.763354,6.961516,Luscinia megarhynchos
AM4_20230601_070000.WAV,7.157143,8.225876,Unk
AM4_20230601_070000.WAV,8.120333,8.464963,Luscinia megarhynchos
AM4_20230601_070000.WAV,8.568352,11.76479,Unk
AM4_20230601_070000.WAV,11.898334,12.380816,Luscinia megarhynchos
AM4_20230601_070000.WAV,12.484204,14.698449,Unk
AM4_20230601_070000.WAV,13.832567,14.913843,Unk
AM4_20230601_070000.WAV,15.370477,17.369328,Alaudidae
AM4_20230601_070000.WAV,17.091429,17.42533,Unk
AM4_20230601_070000.WAV,17.601953,18.006893,Luscinia megarhynchos
AM4_20230601_070000.WAV,18.441987,18.76077,Unk
AM4_20230601_070000.WAV,19.079552,21.397186,Unk
AM4_20230601_070000.WAV,21.397186,24.055141,Galerida theklae
AM4_20230601_070000.WAV,22.573234,24.451465,Luscinia megarhynchos
AM4_20230601_070000.WAV,26.558013,27.83745,Unk
AM4_20230601_070000.WAV,27.268811,28.139001,Curruca melanocephala
AM4_20230601_070000.WAV,28.212234,28.513785,Luscinia megarhynchos
AM4_20230601_070000.WAV,28.513785,28.793797,Unk
AM4_20230601_070000.WAV,29.267662,29.745836,Unk
AM4_20230601_070000.WAV,30.241241,31.904078,CHloris chloris
AM4_20230601_070000.WAV,32.433946,32.752728,Luscinia megarhynchos
AM4_20230601_070000.WAV,32.752728,33.075818,Unk
AM4_20230601_070000.WAV,33.67892,34.557725,Unk
AM4_20230601_070000.WAV,34.915279,35.531304,Chloris chloris
AM4_20230601_070000.WAV,35.358989,36.36703,Unk
AM4_20230601_070000.WAV,36.203331,36.453188,Unk
AM4_20230601_070000.WAV,37.232912,38.912981,Luscinia megarhynchos
AM4_20230601_070000.WAV,38.219414,38.602814,Unk
AM4_20230601_070000.WAV,38.309879,38.546812,Unk
AM4_20230601_070000.WAV,39.089604,39.438541,Unk
AM4_20230601_070000.WAV,39.343768,39.559161,Unk
AM4_20230601_070000.WAV,39.649627,40.360425,Unk
AM4_20230601_070000.WAV,40.65336,40.821367,Unk
AM4_20230601_070000.WAV,41.730327,41.894026,Fringillidae
AM4_20230601_070000.WAV,43.134693,45.18093,Unk
AM4_20230601_070000.WAV,45.964963,46.951465,Luscinia megarhynchos
AM4_20230601_070000.WAV,46.985928,51.358415,Carduelis carduelis
AM4_20230601_070000.WAV,51.207639,51.358415,Unk
AM4_20230601_070000.WAV,51.358415,52.715393,Luscinia megarhynchos
AM4_20230601_070000.WAV,52.715393,52.818782,Unk
AM4_20230601_070000.WAV,53.210798,54.162837,Unk
AM4_20230601_070000.WAV,54.382539,55.425043,Unk
AM4_20230601_070000.WAV,55.425043,55.842906,Unk
AM4_20230601_070000.WAV,57.889144,59.198736,Luscinia megarhynchos
AM4_20230601_071000.WAV,0.0,1.499138,Unk
AM4_20230601_071000.WAV,0.073234,0.999426,Curruca melanocephala
AM4_20230601_071000.WAV,1.499138,2.95089,Unk
AM4_20230601_071000.WAV,2.95089,4.187249,Galerida theklae
AM4_20230601_071000.WAV,4.187249,5.440839,Unk
AM4_20230601_071000.WAV,4.966973,5.091901,Unk
AM4_20230601_071000.WAV,5.440839,6.220563,Luscinia megarhynchos
AM4_20230601_071000.WAV,6.220563,6.840896,Curruca melanocephala
AM4_20230601_071000.WAV,7.340609,9.417002,Unk
AM4_20230601_071000.WAV,9.417002,10.140724,Curruca melanocephala
AM4_20230601_071000.WAV,9.748708,10.343194,Unk
AM4_20230601_071000.WAV,10.623205,11.454624,Unk
AM4_20230601_071000.WAV,11.476163,12.040494,Luscinia megarhynchos
AM4_20230601_071000.WAV,12.062033,13.595635,Luscinia megarhynchos
AM4_20230601_071000.WAV,13.832567,15.129236,Unk
AM4_20230601_071000.WAV,15.129236,15.775416,Curruca undata
AM4_20230601_071000.WAV,17.115164,17.903504,Luscinia megarhynchos
AM4_20230601_071000.WAV,17.864733,18.110281,Chloris chloris
AM4_20230601_071000.WAV,18.545376,18.984779,CURMEL/CURUND
AM4_20230601_071000.WAV,18.984779,20.2556,Unk
AM4_20230601_071000.WAV,20.522688,20.850086,Unk
AM4_20230601_071000.WAV,20.953475,21.991671,Unk
AM4_20230601_071000.WAV,22.189833,22.728317,Unk
AM4_20230601_071000.WAV,22.810167,23.193567,Unk
AM4_20230601_071000.WAV,23.219414,24.317921,Unk
AM4_20230601_071000.WAV,24.132682,24.434233,Luscinia megarhynchos
AM4_20230601_071000.WAV,24.666858,25.183802,Unk
AM4_20230601_071000.WAV,24.895175,25.076106,Merops apiaster
AM4_20230601_071000.WAV,26.70448,27.441126,Curruca melanocephala
AM4_20230601_071000.WAV,27.307582,28.836875,Unk
AM4_20230601_071000.WAV,28.987651,29.103963,Luscinia megarhynchos
AM4_20230601_071000.WAV,29.521827,31.356979,Unk
AM4_20230601_071000.WAV,31.012349,31.985928,Unk
AM4_20230601_071000.WAV,32.016083,32.291786,Curruca melanocephala
AM4_20230601_071000.WAV,33.441987,34.238943,Curruca melanocephala
AM4_20230601_071000.WAV,34.661114,34.8722,Luscinia megarhynchos
AM4_20230601_071000.WAV,34.8722,35.294371,Merops apiaster
AM4_20230601_071000.WAV,35.19529,35.798392,Fringillidae
AM4_20230601_071000.WAV,36.229179,37.280299,Unk
AM4_20230601_071000.WAV,37.29753,39.27915,Galerida theklae
AM4_20230601_071000.WAV,38.912981,39.921022,Curruca melanocephala
AM4_20230601_071000.WAV,42.540207,44.33228,Unk
AM4_20230601_071000.WAV,44.694141,46.089891,Luscinia megarhynchos
AM4_20230601_071000.WAV,46.072659,46.409904,Unk
AM4_20230601_071000.WAV,46.115738,46.382826,Passer sp
AM4_20230601_071000.WAV,46.585296,46.822229,Galerida theklae
AM4_20230601_071000.WAV,46.912694,47.013929,Unk
AM4_20230601_071000.WAV,47.774268,47.873349,Unk
AM4_20230601_071000.WAV,47.942275,49.101091,Curruca melanocephala
AM4_20230601_071000.WAV,49.294945,50.087593,Luscinia megarhynchos
AM4_20230601_071000.WAV,50.160827,54.012062,Unk
AM4_20230601_071000.WAV,53.133257,55.369041,Unk
AM4_20230601_071000.WAV,54.847789,55.545663,Luscinia megarhynchos
AM4_20230601_071000.WAV,55.369041,55.877369,Luscinia megarhynchos
AM4_20230601_071000.WAV,56.329696,57.29035,Unk
AM4_20230601_071000.WAV,57.070649,58.259621,Unk
AM4_20230601_071000.WAV,57.81591,59.371051,Luscinia megarhynchos
AM4_20230601_071000.WAV,59.39259,59.913843,Unk
AM4_20230601_071000.WAV,59.694141,59.836301,Merops apiaster
AM4_20230601_071000.WAV,59.871429,60.0,Unk
AM4_20230601_072000.WAV,0.0,1.499138,Unk
AM4_20230601_072000.WAV,1.51637,1.662837,Unk
AM4_20230601_072000.WAV,1.710224,2.791499,Unk
AM4_20230601_072000.WAV,1.787766,3.304136,Cisticola juncidis
AM4_20230601_072000.WAV,2.153935,2.869041,Unk
AM4_20230601_072000.WAV,2.899196,3.187823,Unk
AM4_20230601_072000.WAV,3.726307,4.213096,abiotic noise
AM4_20230601_072000.WAV,4.316485,4.630959,Unk
AM4_20230601_072000.WAV,4.678346,4.842045,Unk
AM4_20230601_072000.WAV,5.091901,5.483917,Unk
AM4_20230601_072000.WAV,5.617461,5.7,Cisticola juncidis
AM4_20230601_072000.WAV,5.854394,6.405801,Unk
AM4_20230601_072000.WAV,6.636272,6.961516,Chloris chloris
AM4_20230601_072000.WAV,7.198449,8.047099,Unk
AM4_20230601_072000.WAV,8.094486,8.374497,Chloris chloris
AM4_20230601_072000.WAV,8.413268,9.697013,Unk
AM4_20230601_072000.WAV,8.508041,8.831132,Unk
AM4_20230601_072000.WAV,9.697013,9.908099,Chloris chloris
AM4_20230601_072000.WAV,9.99641,10.85583,Unk
AM4_20230601_072000.WAV,11.153073,11.222124,Saxicola rubicola
AM4_20230601_072000.WAV,11.256462,11.361429,Cisticola juncidis
AM4_20230601_072000.WAV,11.361429,11.411545,Saxicola rubicola
AM4_20230601_072000.WAV,11.855256,12.062033,Chloris chloris
AM4_20230601_072000.WAV,12.062033,12.130959,Saxicola rubicola
AM4_20230601_072000.WAV,12.294658,12.428202,Lanius senator
AM4_20230601_072000.WAV,12.484204,13.031304,Unk
AM4_20230601_072000.WAV,13.233774,13.832567,Galerida theklae
AM4_20230601_072000.WAV,14.017806,14.978461,Luscinia megarhynchos
AM4_20230601_072000.WAV,15.004308,18.441987,Unk
AM4_20230601_072000.WAV,16.003733,16.727455,Cisticola juncidis
AM4_20230601_072000.WAV,18.409678,21.018093,abiotic noise
AM4_20230601_072000.WAV,20.178059,20.2556,Cisticola juncidis
AM4_20230601_072000.WAV,20.953475,23.012636,Unk
AM4_20230601_072000.WAV,22.017519,22.172602,Cisticola juncidis
AM4_20230601_072000.WAV,23.10741,24.473004,Saxicola rubicola
AM4_20230601_072000.WAV,24.451465,26.687249,Unk
AM4_20230601_072000.WAV,25.420735,25.541356,Cisticola juncidis
AM4_20230601_072000.WAV,25.885985,26.663555,Unk
AM4_20230601_072000.WAV,26.721712,27.040494,Lanius senator
AM4_20230601_072000.WAV,27.156806,38.783745,Unk
AM4_20230601_072000.WAV,27.307582,27.940839,Unk
AM4_20230601_072000.WAV,28.987651,29.293509,Serinus serinus
AM4_20230601_072000.WAV,30.90896,32.171166,Serinus serinus
AM4_20230601_072000.WAV,31.232051,31.826536,Unk
AM4_20230601_072000.WAV,33.734922,34.355256,Unk
AM4_20230601_072000.WAV,33.75,34.557725,Serinus serinus
AM4_20230601_072000.WAV,36.642734,36.765508,Cisticola juncidis
AM4_20230601_072000.WAV,38.783745,39.201608,Lanius senator
AM4_20230601_072000.WAV,39.180069,39.7444,Unk
AM4_20230601_072000.WAV,39.494543,39.890867,Unk
AM4_20230601_072000.WAV,39.890867,42.454286,Unk
AM4_20230601_072000.WAV,42.454286,43.419012,Unk
AM4_20230601_072000.WAV,43.419012,44.750144,Unk
AM4_20230601_072000.WAV,44.750144,45.439403,Unk
AM4_20230601_072000.WAV,45.456634,51.375646,Unk
AM4_20230601_072000.WAV,49.66973,50.591614,Unk
AM4_20230601_072000.WAV,51.565192,51.905514,Glareola pratincola
AM4_20230601_072000.WAV,52.142447,52.349225,Unk
AM4_20230601_072000.WAV,52.646468,53.641585,Luscinia megarhynchos
AM4_20230601_072000.WAV,53.641585,56.015221,Unk
AM4_20230601_072000.WAV,58.419012,60.0,Luscinia megarhynchos
AM4_20230601_073000.WAV,0.0,0.400632,Unk
AM4_20230601_073000.WAV,0.560023,1.546525,Luscinia megarhynchos
AM4_20230601_073000.WAV,2.218553,3.187823,Unk
AM4_20230601_073000.WAV,3.859851,4.010626,Unk
AM4_20230601_073000.WAV,4.738656,5.854394,Luscinia megarhynchos
AM4_20230601_073000.WAV,6.220563,6.858128,Carduelis carduelis
AM4_20230601_073000.WAV,8.094486,9.093912,Luscinia megarhynchos
AM4_20230601_073000.WAV,8.719127,9.093912,Unk
AM4_20230601_073000.WAV,9.60224,10.657668,Carduelis carduelis
AM4_20230601_073000.WAV,10.140724,10.657668,Unk
AM4_20230601_073000.WAV,11.695864,12.454049,Carduelis carduelis
AM4_20230601_073000.WAV,12.874286,13.307007,Unk
AM4_20230601_073000.WAV,13.397473,13.647329,Curruca melanocephala
AM4_20230601_073000.WAV,13.703331,13.966111,Unk
AM4_20230601_073000.WAV,14.379667,15.271396,Curruca melanocephala
AM4_20230601_073000.WAV,15.271396,16.257898,Luscinia megarhynchos
AM4_20230601_073000.WAV,16.98162,17.442562,Luscinia megarhynchos
AM4_20230601_073000.WAV,18.062895,18.582857,Unk
AM4_20230601_073000.WAV,19.032165,19.880816,Luscinia megarhynchos
AM4_20230601_073000.WAV,19.958357,21.315336,Luscinia megarhynchos
AM4_20230601_073000.WAV,23.253877,25.817059,Unk
AM4_20230601_073000.WAV,26.756175,27.992533,Unk
AM4_20230601_073000.WAV,27.156806,27.462665,Fringillidae
AM4_20230601_073000.WAV,27.423894,28.315623,Unk
AM4_20230601_073000.WAV,28.444859,28.88857,Unk
AM4_20230601_073000.WAV,28.884262,31.214819,Unk
AM4_20230601_073000.WAV,32.459793,33.312751,Luscinia megarhynchos
AM4_20230601_073000.WAV,33.565714,36.720276,Muscicapa striata
AM4_20230601_073000.WAV,33.782309,37.547387,Carduelis carduelis
AM4_20230601_073000.WAV,35.234061,35.740235,Tringa nebularia
AM4_20230601_073000.WAV,37.508616,37.706778,Burhinus oedicnemus
AM4_20230601_073000.WAV,38.930213,39.343768,Saxicola rubicola
AM4_20230601_073000.WAV,39.438541,40.080414,Luscinia megarhynchos
AM4_20230601_073000.WAV,40.407812,41.256462,Unk
AM4_20230601_073000.WAV,41.114302,41.794945,Luscinia megarhynchos
AM4_20230601_073000.WAV,41.794945,42.906376,Unk
AM4_20230601_073000.WAV,42.906376,43.774411,Alaudidae
AM4_20230601_073000.WAV,43.774411,45.495405,Unk
AM4_20230601_073000.WAV,46.585296,48.493682,Luscinia megarhynchos
AM4_20230601_073000.WAV,47.283171,47.593337,Unk
AM4_20230601_073000.WAV,48.670304,49.66973,Unk
AM4_20230601_073000.WAV,49.885123,50.78116,Curruca sp
AM4_20230601_073000.WAV,51.04394,51.371338,Unk
AM4_20230601_073000.WAV,51.750431,52.586157,Unk
AM4_20230601_073000.WAV,52.258759,53.658817,Luscinia megarhynchos
AM4_20230601_073000.WAV,53.658817,56.812177,Unk
AM4_20230601_073000.WAV,59.138426,60.0,Luscinia megarhynchos
AM4_20230601_074000.WAV,0.0,0.749569,Unk
AM4_20230601_074000.WAV,0.913268,2.412407,Luscinia megarhynchos
AM4_20230601_074000.WAV,2.44687,2.718265,Unk
AM4_20230601_074000.WAV,4.075244,4.213096,Unk
AM4_20230601_074000.WAV,4.415566,5.509765,Unk
AM4_20230601_074000.WAV,5.919012,7.228604,Luscinia megarhynchos
AM4_20230601_074000.WAV,8.296956,9.304997,Luscinia megarhynchos
AM4_20230601_074000.WAV,8.740666,9.360999,Cisticola juncidis
AM4_20230601_074000.WAV,9.873636,10.493969,Unk
AM4_20230601_074000.WAV,9.873636,11.454624,Luscinia megarhynchos
AM4_20230601_074000.WAV,10.726594,10.959219,Unk
AM4_20230601_074000.WAV,11.454624,11.76479,Curruca melanocephala
AM4_20230601_074000.WAV,12.040494,12.152499,Unk
AM4_20230601_074000.WAV,13.914417,14.870764,Luscinia megarhynchos
AM4_20230601_074000.WAV,14.956921,16.107122,Chloris chloris
AM4_20230601_074000.WAV,16.339747,17.231476,Unk
AM4_20230601_074000.WAV,17.334865,17.692418,Unk
AM4_20230601_074000.WAV,17.429638,17.601953,Unk
AM4_20230601_074000.WAV,17.744113,19.006318,Unk
AM4_20230601_074000.WAV,19.484492,19.958357,Unk
AM4_20230601_074000.WAV,20.953475,22.069213,Luscinia megarhynchos
AM4_20230601_074000.WAV,21.336875,21.557143,Unk
AM4_20230601_074000.WAV,21.599655,21.905514,Unk
AM4_20230601_074000.WAV,22.728317,23.163412,Luscinia megarhynchos
AM4_20230601_074000.WAV,22.887708,22.986789,Cisticola juncidis
AM4_20230601_074000.WAV,23.654509,25.541356,Unk
AM4_20230601_074000.WAV,25.541356,26.558013,Luscinia megarhynchos
AM4_20230601_074000.WAV,26.713096,27.126651,Curruca melanocephala
AM4_20230601_074000.WAV,27.376508,28.212234,Unk
AM4_20230601_074000.WAV,28.165714,28.987651,Galerida theklae
AM4_20230601_074000.WAV,29.052269,29.444285,Sylviidae
AM4_20230601_074000.WAV,29.521827,29.831993,Luscinia megarhynchos
AM4_20230601_074000.WAV,29.982769,30.960655,Luscinia megarhynchos
AM4_20230601_074000.WAV,30.305859,31.214819,Unk
AM4_20230601_074000.WAV,31.223435,31.947157,Unk
AM4_20230601_074000.WAV,32.502872,32.813038,Luscinia megarhynchos
AM4_20230601_074000.WAV,34.695577,35.19529,Luscinia megarhynchos
AM4_20230601_074000.WAV,35.311603,35.60023,Saxicola rubicola
AM4_20230601_074000.WAV,35.725158,36.474727,Unk
AM4_20230601_074000.WAV,36.694428,37.448306,Luscinia megarhynchos
AM4_20230601_074000.WAV,38.309879,39.007754,Luscinia megarhynchos
AM4_20230601_074000.WAV,39.240379,40.110569,Luscinia megarhynchos
AM4_20230601_074000.WAV,40.463814,41.256462,Unk
AM4_20230601_074000.WAV,41.868179,42.389431,Unk
AM4_20230601_074000.WAV,43.134693,43.860569,abiotic noise
AM4_20230601_074000.WAV,43.923033,44.315049,Galerida theklae
AM4_20230601_074000.WAV,44.39259,45.310167,Unk
AM4_20230601_074000.WAV,46.318208,48.599225,Luscinia megarhynchos
AM4_20230601_074000.WAV,46.740379,46.929925,Unk
AM4_20230601_074000.WAV,47.494256,47.593337,Unk
AM4_20230601_074000.WAV,48.76077,49.174325,Chloris chloris
AM4_20230601_074000.WAV,49.174325,49.712809,Unk
AM4_20230601_074000.WAV,49.695577,49.885123,Unk
AM4_20230601_074000.WAV,50.305141,50.72085,Unk
AM4_20230601_074000.WAV,52.043366,53.697588,Unk
AM4_20230601_074000.WAV,52.310454,52.788627,Luscinia megarhynchos
AM4_20230601_074000.WAV,52.383688,52.482769,Cisticola juncidis
AM4_20230601_074000.WAV,53.133257,53.210798,Cisticola juncidis
AM4_20230601_074000.WAV,53.831132,54.912407,Unk
AM4_20230601_074000.WAV,54.012062,54.072372,Cisticola juncidis
AM4_20230601_074000.WAV,54.800402,54.877944,Cisticola juncidis
AM4_20230601_074000.WAV,54.817634,54.981333,Merops apiaster
AM4_20230601_074000.WAV,55.610281,56.424469,Unk
AM4_20230601_074000.WAV,56.38139,56.450316,Cisticola juncidis
AM4_20230601_074000.WAV,56.38139,57.927915,Cisticola juncidis
AM4_20230601_074000.WAV,57.139575,57.234348,Cisticola juncidis
AM4_20230601_074000.WAV,57.833142,57.927915,Unk
AM4_20230601_074000.WAV,57.854681,57.927915,Cisticola juncidis
AM4_20230601_074000.WAV,59.418438,60.0,Luscinia megarhynchos
AM4_20230601_075000.WAV,0.0,0.861574,Luscinia megarhychos
AM4_20230601_075000.WAV,1.421597,1.680069,Unk
AM4_20230601_075000.WAV,1.990235,2.063469,Saxicola rubicola
AM4_20230601_075000.WAV,2.334865,2.412407,Saxicola rubicola
AM4_20230601_075000.WAV,2.718265,3.097358,Unk
AM4_20230601_075000.WAV,3.187823,3.248133,Saxicola rubicola
AM4_20230601_075000.WAV,3.27398,4.93251,Unk
AM4_20230601_075000.WAV,5.091901,5.807007,Luscinia megarhynchos
AM4_20230601_075000.WAV,6.220563,7.29753,Unk
AM4_20230601_075000.WAV,9.21884,9.33946,Unk
AM4_20230601_075000.WAV,9.99641,10.623205,Unk
AM4_20230601_075000.WAV,11.079839,11.88,Chloris chloris
AM4_20230601_075000.WAV,12.040494,12.23004,Unk
AM4_20230601_075000.WAV,12.221424,12.940839,Unk
AM4_20230601_075000.WAV,12.940839,13.647329,Luscinia megarhynchos
AM4_20230601_075000.WAV,13.832567,14.155658,Unk
AM4_20230601_075000.WAV,14.379667,15.66772,Unk
AM4_20230601_075000.WAV,15.456634,16.464675,Luscinia megarhynchos
AM4_20230601_075000.WAV,16.464675,17.091429,Unk
AM4_20230601_075000.WAV,17.115164,17.408099,Unk
AM4_20230601_075000.WAV,17.42533,18.27398,Unk
AM4_20230601_075000.WAV,18.545376,20.251292,Luscinia megarhynchos
AM4_20230601_075000.WAV,20.292217,23.08587,Unk
AM4_20230601_075000.WAV,23.08587,23.95606,Luscinia megarhynchos
AM4_20230601_075000.WAV,24.055141,26.372774,Unk
AM4_20230601_075000.WAV,26.398621,27.324813,Unk
AM4_20230601_075000.WAV,27.540207,27.764216,Unk
AM4_20230601_075000.WAV,28.186387,30.456634,Unk
AM4_20230601_075000.WAV,30.534176,31.37421,Luscinia megarhynchos
AM4_20230601_075000.WAV,32.881964,33.505714,Luscinia megarhynchos
AM4_20230601_075000.WAV,33.459219,35.78116,Unk
AM4_20230601_075000.WAV,35.78116,36.121482,Luscinia megarhynchos
AM4_20230601_075000.WAV,36.823665,38.641585,Luscinia megarhynchos
AM4_20230601_075000.WAV,39.464388,40.360425,Luscinia megarhynchos
AM4_20230601_075000.WAV,40.442275,41.006605,Chloris chloris
AM4_20230601_075000.WAV,40.554279,40.929064,Unk
AM4_20230601_075000.WAV,41.092763,41.549397,Unk
AM4_20230601_075000.WAV,41.549397,42.156806,Curruca melanocephala
AM4_20230601_075000.WAV,42.006031,42.354968,Unk
AM4_20230601_075000.WAV,42.772832,43.578403,Unk
AM4_20230601_075000.WAV,43.578403,45.372631,Luscinia megarhynchos
AM4_20230601_075000.WAV,45.577254,45.90896,Unk
AM4_20230601_075000.WAV,46.158817,46.985928,Unk
AM4_20230601_075000.WAV,46.542217,46.886847,Unk
AM4_20230601_075000.WAV,47.309018,48.226594,Unk
AM4_20230601_075000.WAV,48.532453,49.540494,Unk
AM4_20230601_075000.WAV,50.305141,52.70247,Lusscinia megarhynchos
AM4_20230601_075000.WAV,52.715393,53.266801,Unk
AM4_20230601_075000.WAV,52.90494,53.292648,Merops apiaster
AM4_20230601_075000.WAV,53.809592,54.697013,Curruca melanocephala
AM4_20230601_075000.WAV,55.153647,55.369041,Unk
AM4_20230601_075000.WAV,55.877369,56.049684,Unk
AM4_20230601_075000.WAV,56.252154,57.070649,Unk
AM4_20230601_075000.WAV,56.919874,57.484204,Unk
AM4_20230601_075000.WAV,57.070649,57.484204,Luscinia megarhynchos
AM4_20230601_075000.WAV,57.3722,59.198736,Unk
AM4_20230601_075000.WAV,58.518093,59.237507,Luscinia megarhynchos
AM4_20230601_080000.WAV,1.96008,3.57,Luscinia megarhynchos
AM4_20230601_080000.WAV,3.592763,6.578116,Unk
AM4_20230601_080000.WAV,6.578116,7.362148,Unk
AM4_20230601_080000.WAV,8.120333,8.34865,Luscinia megarhynchos
AM4_20230601_080000.WAV,9.201608,9.520391,Unk
AM4_20230601_080000.WAV,9.554854,10.85583,Unk
AM4_20230601_080000.WAV,10.918294,11.112857,Unk
AM4_20230601_080000.WAV,11.32108,11.411545,Cisticola juncidis
AM4_20230601_080000.WAV,11.476163,12.23004,Unk
AM4_20230601_080000.WAV,13.578403,14.0695,Luscinia megarhynchos
AM4_20230601_080000.WAV,14.612292,15.187392,Luscinia megarhynchos
AM4_20230601_080000.WAV,16.076967,16.727455,Luscinia megarhynchos
AM4_20230601_080000.WAV,16.494831,16.602527,Cisticola juncidis
AM4_20230601_080000.WAV,17.296094,17.472717,Cisticola juncidis
AM4_20230601_080000.WAV,18.222286,18.321367,Cisticola juncidis
AM4_20230601_080000.WAV,18.605686,19.958357,Unk
AM4_20230601_080000.WAV,19.070936,19.165709,Cisticola juncidis
AM4_20230601_080000.WAV,19.820505,19.923894,Cisticola juncidis
AM4_20230601_080000.WAV,20.496841,20.634693,Luscinia megarhynchos
AM4_20230601_080000.WAV,20.712234,20.79193,Cisticola juncidis
AM4_20230601_080000.WAV,21.087019,21.827972,Chloris chloris
AM4_20230601_080000.WAV,21.557143,21.668581,Cisticola juncidis
AM4_20230601_080000.WAV,22.280299,24.317921,Luscinia megarhynchos
AM4_20230601_080000.WAV,22.413843,22.504308,Cisticola juncidis
AM4_20230601_080000.WAV,23.253877,23.34865,Cisticola juncidis
AM4_20230601_080000.WAV,24.98564,25.47243,Unk
AM4_20230601_080000.WAV,26.0583,28.067921,Unk
AM4_20230601_080000.WAV,28.186387,28.470706,Luscinia megarhynchos
AM4_20230601_080000.WAV,28.539632,29.15135,Unk
AM4_20230601_080000.WAV,29.125714,29.638139,Luscinia megarhynchos
AM4_20230601_080000.WAV,30.435095,32.235784,Unk
AM4_20230601_080000.WAV,32.433946,32.881964,Luscinia megarhynchos
AM4_20230601_080000.WAV,33.528145,34.238943,Luscinia megarhynchos
AM4_20230601_080000.WAV,34.238943,35.60023,Curruca melanocephala
AM4_20230601_080000.WAV,35.60023,37.288914,Unk
AM4_20230601_080000.WAV,35.970706,37.099368,Luscinia megarhynchos
AM4_20230601_080000.WAV,36.168868,36.823665,Unk
AM4_20230601_080000.WAV,37.35784,37.892016,Luscinia megarhynchos
AM4_20230601_080000.WAV,38.357266,41.794945,Unk
AM4_20230601_080000.WAV,38.452039,38.641585,Luscinia megarhynchos
AM4_20230601_080000.WAV,41.794945,42.156806,Luscinia megarhynchos
AM4_20230601_080000.WAV,42.940839,44.694141,Unk
AM4_20230601_080000.WAV,45.336014,46.223435,Unk
AM4_20230601_080000.WAV,47.421022,48.226594,Unk
AM4_20230601_080000.WAV,48.299828,48.911545,Luscinia megarhynchos
AM4_20230601_080000.WAV,49.238943,50.72085,Luscinia megarhynchos
AM4_20230601_080000.WAV,51.466111,52.008903,Curruca melanocephala
AM4_20230601_080000.WAV,52.310454,53.180643,Unk
AM4_20230601_080000.WAV,53.021252,54.115451,Luscinia megarhynchos
AM4_20230601_080000.WAV,54.981333,58.311315,Unk
AM4_20230601_080000.WAV,57.535899,57.7556,abiotic noise
AM4_20230601_081000.WAV,0.366169,0.495405,abiotic noise
AM4_20230601_081000.WAV,2.265939,2.619184,Luscinia megarhynchos
AM4_20230601_081000.WAV,4.152786,5.617461,Unk
AM4_20230601_081000.WAV,7.185526,7.685238,Luscinia megarhynchos
AM4_20230601_081000.WAV,8.094486,8.495118,Unk
AM4_20230601_081000.WAV,10.838599,11.361429,Luscinia megarhynchos
AM4_20230601_081000.WAV,13.440551,13.832567,Unk
AM4_20230601_081000.WAV,14.569213,16.507754,Unk
AM4_20230601_081000.WAV,17.524411,20.886703,Luscinia megarhynchos
AM4_20230601_081000.WAV,19.484492,19.885123,Unk
AM4_20230601_081000.WAV,23.818208,25.313038,Luscinia megarhynchos
AM4_20230601_081000.WAV,26.088455,26.527858,Luscinia megarhynchos
AM4_20230601_081000.WAV,27.148191,27.764216,Unk
AM4_20230601_081000.WAV,27.613441,28.690408,Unk
AM4_20230601_081000.WAV,29.521827,30.435095,Luscinia megarhynchos
AM4_20230601_081000.WAV,30.827111,31.257898,Unk
AM4_20230601_081000.WAV,33.597071,34.480184,Luscinia megarhynchos
AM4_20230601_081000.WAV,35.152211,35.725158,Unk
AM4_20230601_081000.WAV,36.074095,36.298105,Luscinia megarhynchos
AM4_20230601_081000.WAV,36.901206,37.547387,Unk
AM4_20230601_081000.WAV,38.546812,39.559161,Luscinia megarhynchos
AM4_20230601_081000.WAV,39.856404,42.070649,Luscinia megarhynchos
AM4_20230601_081000.WAV,43.724871,44.694141,Luscinia megarhynchos
AM4_20230601_081000.WAV,46.059736,46.387134,Luscinia megarhynchos
AM4_20230601_081000.WAV,46.318208,47.593337,Unk
AM4_20230601_081000.WAV,47.873349,48.069357,Luscinia megarhynchos
AM4_20230601_081000.WAV,48.851235,50.305141,Luscinia megarhychos
AM4_20230601_081000.WAV,51.672889,53.176335,Unk
AM4_20230601_081000.WAV,52.586157,52.745549,Luscinia megarhynchos
AM4_20230601_081000.WAV,53.495118,53.727743,Unk
AM4_20230601_081000.WAV,56.919874,57.535899,Curruca melanocephala
AM4_20230601_081000.WAV,57.880528,59.620908,Unk
AM4_20230601_082000.WAV,3.062895,3.411832,Unk
AM4_20230601_082000.WAV,4.71,6.901206,Linaria cannabina
AM4_20230601_082000.WAV,8.296956,10.433659,Saxicola rubicola
AM4_20230601_082000.WAV,9.60224,10.769673,Unk
AM4_20230601_082000.WAV,10.726594,10.918294,Unk
AM4_20230601_082000.WAV,14.293509,15.542791,Unk
AM4_20230601_082000.WAV,15.542791,15.672028,Saxicola rubicola
AM4_20230601_082000.WAV,18.205055,19.540494,Unk
AM4_20230601_082000.WAV,20.677771,21.164561,Unk
AM4_20230601_082000.WAV,22.504308,23.08587,Unk
AM4_20230601_082000.WAV,25.420735,25.91614,Unk
AM4_20230601_082000.WAV,25.91614,26.03676,Merops apiaster
AM4_20230601_082000.WAV,27.647904,29.293509,Unk
AM4_20230601_082000.WAV,27.764216,28.431936,Merops apiaster
AM4_20230601_082000.WAV,29.758759,31.542217,Merops apiaster
AM4_20230601_082000.WAV,30.534176,30.64618,Saxicola rubicola
AM4_20230601_082000.WAV,33.765078,34.238943,Curruca melanocephala
AM4_20230601_082000.WAV,34.105399,34.238943,Merops apiaster
AM4_20230601_082000.WAV,34.557725,35.617461,Unk
AM4_20230601_082000.WAV,36.298105,36.765508,Unk
AM4_20230601_082000.WAV,41.407237,41.588168,Merops apiaster
AM4_20230601_082000.WAV,42.772832,44.035037,Curruca undata
AM4_20230601_082000.WAV,44.250431,47.421022,Unk
AM4_20230601_082000.WAV,47.873349,48.493682,Merops apiaster
AM4_20230601_082000.WAV,50.505457,51.177484,Merops apiaster
AM4_20230601_082000.WAV,51.918438,52.258759,Unk
AM4_20230601_082000.WAV,53.887134,55.674899,Unk
AM4_20230601_082000.WAV,56.812177,58.419012,Unk
AM4_20230601_083000.WAV,0.46525,1.25359,Arthropoda
AM4_20230601_083000.WAV,1.369902,2.218553,Tringa nebularia
AM4_20230601_083000.WAV,2.356404,2.97243,Unk
AM4_20230601_083000.WAV,2.97243,3.747846,Unk
AM4_20230601_083000.WAV,5.061746,5.229753,abiotic noise
AM4_20230601_083000.WAV,5.7,7.728317,Unk
AM4_20230601_083000.WAV,6.304286,6.840896,Unk
AM4_20230601_083000.WAV,7.754164,8.602814,Luscinia megarhynchos
AM4_20230601_083000.WAV,9.119759,9.520391,Unk
AM4_20230601_083000.WAV,9.697013,9.748708,Saxicola rubicola
AM4_20230601_083000.WAV,10.343194,11.665709,Unk
AM4_20230601_083000.WAV,12.346353,15.921884,Saxicola rubicola
AM4_20230601_083000.WAV,17.136703,17.201321,Saxicola rubicola
AM4_20230601_083000.WAV,18.110281,18.256749,Unk
AM4_20230601_083000.WAV,18.239518,18.291212,Saxicola rubicola
AM4_20230601_083000.WAV,19.355256,19.717117,Unk
AM4_20230601_083000.WAV,19.803274,21.970132,Luscinia megarhynchos
AM4_20230601_083000.WAV,24.623779,24.753016,Unk
AM4_20230601_083000.WAV,26.58386,28.690408,Unk
AM4_20230601_083000.WAV,28.763642,29.771683,Luscinia megarhynchos
AM4_20230601_083000.WAV,32.235784,32.386559,Luscinia megarhynchos
AM4_20230601_083000.WAV,32.649339,33.075818,Unk
AM4_20230601_083000.WAV,33.565714,34.238943,Luscinia megarhynchos
AM4_20230601_083000.WAV,35.759621,36.323952,Unk
AM4_20230601_083000.WAV,37.31907,38.253877,Luscinia megarhynchos
AM4_20230601_083000.WAV,39.830557,40.97645,Luscinia megarhynchos
AM4_20230601_083000.WAV,41.648478,42.281735,Luscinia megarhynchos
AM4_20230601_083000.WAV,42.471281,43.358702,Luscinia megarhynchos
AM4_20230601_083000.WAV,44.6166,45.32309,Unk
AM4_20230601_083000.WAV,46.645606,47.718265,Luscinia megarhynchos
AM4_20230601_083000.WAV,46.985928,47.533027,Chloris chloris
AM4_20230601_083000.WAV,48.834003,49.294945,Luscinia megarhynchos
AM4_20230601_083000.WAV,51.04394,51.517806,Unk
AM4_20230601_083000.WAV,51.815049,58.849799,Luscinia megarhynchos
AM4_20230601_084000.WAV,0.366169,0.560023,Unk
AM4_20230601_084000.WAV,1.748995,2.959506,Unk
AM4_20230601_084000.WAV,3.786617,4.34664,Curruca melanocephala
AM4_20230601_084000.WAV,4.93251,5.109133,Unk
AM4_20230601_084000.WAV,5.249138,7.090752,Unk
AM4_20230601_084000.WAV,8.266801,8.495118,Unk
AM4_20230601_084000.WAV,9.791786,12.55313,Unk
AM4_20230601_084000.WAV,14.698449,14.870764,Phylloscopus trochilus
AM4_20230601_084000.WAV,15.327398,17.253016,Curruca melanocephala
AM4_20230601_084000.WAV,16.033889,18.877082,Unk
AM4_20230601_084000.WAV,17.601953,17.744113,Unk
AM4_20230601_084000.WAV,18.062895,18.713383,Luscinia megarhynchos
AM4_20230601_084000.WAV,18.217978,18.937392,Unk
AM4_20230601_084000.WAV,19.893739,22.551694,Unk
AM4_20230601_084000.WAV,23.588571,27.919299,Curruca melanocephala
AM4_20230601_084000.WAV,24.317921,24.434233,Unk
AM4_20230601_084000.WAV,25.47243,25.941987,Unk
AM4_20230601_084000.WAV,27.919299,32.123779,Unk
AM4_20230601_084000.WAV,28.380241,28.630098,Unk
AM4_20230601_084000.WAV,28.793797,28.957496,Curruca undata
AM4_20230601_084000.WAV,29.293509,29.905227,Unk
AM4_20230601_084000.WAV,30.241241,31.012349,Unk
AM4_20230601_084000.WAV,30.60741,31.477599,Curruca melanocephala
AM4_20230601_084000.WAV,33.565714,34.958357,Unk
AM4_20230601_084000.WAV,35.130672,36.229179,Unk
AM4_20230601_084000.WAV,35.570075,35.647616,Unk
AM4_20230601_084000.WAV,36.573808,37.525847,Luscinia megarhynchos
AM4_20230601_084000.WAV,38.706203,43.113153,Unk
AM4_20230601_084000.WAV,39.494543,40.196726,Unk
AM4_20230601_084000.WAV,40.821367,42.122343,Luscinia megarhynchos
AM4_20230601_084000.WAV,41.213383,41.588168,Unk
AM4_20230601_084000.WAV,42.156806,44.09104,Unk
AM4_20230601_084000.WAV,45.555715,47.013929,Unk
AM4_20230601_084000.WAV,46.318208,47.558874,abiotic noise
AM4_20230601_084000.WAV,47.343481,47.679495,Unk
AM4_20230601_084000.WAV,48.299828,49.842045,Galerida theklae
AM4_20230601_084000.WAV,51.160253,54.658242,Unk
AM4_20230601_084000.WAV,52.008903,53.292648,Galerida theklae
AM4_20230601_084000.WAV,52.952326,53.055715,Unk
AM4_20230601_084000.WAV,54.162837,55.183802,Unk
AM4_20230601_084000.WAV,54.981333,55.524124,Unk
AM4_20230601_084000.WAV,56.049684,56.924182,Unk
AM4_20230601_084000.WAV,57.535899,58.375933,Unk
AM4_20230601_084000.WAV,58.923033,60.0,Galerida theklae
AM4_20230601_085000.WAV,0.0,3.261057,Unk
AM4_20230601_085000.WAV,3.390293,3.920161,Alaudidae
AM4_20230601_085000.WAV,3.950316,5.281447,Acrocephalus schoenobaenus
AM4_20230601_085000.WAV,5.746697,7.245836,Unk
AM4_20230601_085000.WAV,5.970706,6.06548,Cisticola juncidis
AM4_20230601_085000.WAV,6.763354,6.840896,Cisticola juncidis
AM4_20230601_085000.WAV,9.765939,9.852096,Cisticola juncidis
AM4_20230601_085000.WAV,10.476738,11.454624,Alaudidae
AM4_20230601_085000.WAV,10.804136,10.898909,Cisticola juncidis
AM4_20230601_085000.WAV,11.454624,11.898334,Curruca undata
AM4_20230601_085000.WAV,11.9888,12.57467,Unk
AM4_20230601_085000.WAV,12.130959,12.324813,Unk
AM4_20230601_085000.WAV,12.771429,13.518093,Alaudidae
AM4_20230601_085000.WAV,12.828834,14.513211,Unk
AM4_20230601_085000.WAV,13.440551,13.534286,Cisticola juncidis
AM4_20230601_085000.WAV,14.259047,14.345204,Cisticola juncidis
AM4_20230601_085000.WAV,15.254164,15.286473,Unk
AM4_20230601_085000.WAV,15.370477,15.435095,Cisticola juncidis
AM4_20230601_085000.WAV,16.076967,16.154509,Unk
AM4_20230601_085000.WAV,16.076967,16.180356,Cisticola juncidis
AM4_20230601_085000.WAV,16.464675,19.898047,Unk
AM4_20230601_085000.WAV,17.166858,17.369328,Unk
AM4_20230601_085000.WAV,19.006318,19.165709,Unk
AM4_20230601_085000.WAV,19.454337,20.591614,Unk
AM4_20230601_085000.WAV,22.986789,25.959219,Unk
AM4_20230601_085000.WAV,25.959219,46.45606,abiotic noise
AM4_20230601_085000.WAV,28.440551,28.957496,Unk
AM4_20230601_085000.WAV,33.967547,35.234061,Unk
AM4_20230601_085000.WAV,35.867318,35.970706,Cisticola juncidis
AM4_20230601_085000.WAV,36.720276,36.802125,Cisticola juncidis
AM4_20230601_085000.WAV,39.27915,41.70448,Unk
AM4_20230601_085000.WAV,39.649627,39.7444,Cisticola juncidis
AM4_20230601_085000.WAV,40.489661,40.575818,Cisticola juncidis
AM4_20230601_085000.WAV,46.115738,47.248708,Acrocephalus schoenobaenus
AM4_20230601_085000.WAV,47.321941,50.742389,Unk
AM4_20230601_085000.WAV,47.6278,47.718265,Saxicola rubicola
AM4_20230601_085000.WAV,50.906088,51.022401,Unk
AM4_20230601_085000.WAV,51.565192,52.142447,Unk
AM4_20230601_085000.WAV,52.982481,53.055715,Saxicola rubicola
AM4_20230601_085000.WAV,53.495118,53.658817,Unk
AM4_20230601_085000.WAV,53.697588,53.809592,Cisticola juncidis
AM4_20230601_085000.WAV,54.731476,54.817634,Cisticola juncidis
AM4_20230601_085000.WAV,55.041643,55.153647,Unk
AM4_20230601_085000.WAV,56.049684,56.153073,Cisticola juncidis
AM4_20230601_085000.WAV,57.260195,57.927915,Unk
AM4_20230601_085000.WAV,59.177197,59.237507,Unk
AM4_20230601_085000.WAV,59.371051,59.448593,Cisticola juncidis
AM4_20230601_090000.WAV,0.0,1.072659,Actitis hypoleucos
AM4_20230601_090000.WAV,1.085583,1.25359,Unk
AM4_20230601_090000.WAV,1.929925,3.123205,Unk
AM4_20230601_090000.WAV,6.013785,6.578116,Unlk
AM4_20230601_090000.WAV,6.578116,7.047674,Unk
AM4_20230601_090000.WAV,6.888283,8.391729,Unk
AM4_20230601_090000.WAV,7.129523,7.448306,Actitis hypoleucos
AM4_20230601_090000.WAV,7.452613,8.184951,Unk
AM4_20230601_090000.WAV,9.477312,9.791786,Unk
AM4_20230601_090000.WAV,11.898334,13.307007,Alaudidae
AM4_20230601_090000.WAV,13.362857,18.825388,Unk
AM4_20230601_090000.WAV,18.894314,19.165709,Unk
AM4_20230601_090000.WAV,19.307869,19.99282,Unk
AM4_20230601_090000.WAV,20.13498,20.384836,Unk
AM4_20230601_090000.WAV,20.496841,20.677771,Unk
AM4_20230601_090000.WAV,20.677771,24.516083,Galerida theklae
AM4_20230601_090000.WAV,25.420735,25.688571,Unk
AM4_20230601_090000.WAV,27.143883,27.255887,Unk
AM4_20230601_090000.WAV,27.785755,29.887995,Galerida theklae
AM4_20230601_090000.WAV,34.79035,35.987938,Galerida theklae
AM4_20230601_090000.WAV,38.800976,44.715681,Galerida theklae
AM4_20230601_090000.WAV,45.697875,46.025273,Galerida theklae
AM4_20230601_090000.WAV,48.170592,52.413843,Galerida theklae
AM4_20230601_090000.WAV,54.313613,54.800402,Unk
AM4_20230601_090000.WAV,56.153073,57.329121,Galerida theklae
AM4_20230601_090000.WAV,58.505169,59.577829,Unk
AM4_20230601_090000.WAV,59.694141,60.0,Unk
AM4_20230601_091000.WAV,0.099081,0.336014,Merops apiaster
AM4_20230601_091000.WAV,0.366169,0.749569,Unk
AM4_20230601_091000.WAV,1.206203,1.641298,Unk
AM4_20230601_091000.WAV,1.232051,1.3139,Merops apiaster
AM4_20230601_091000.WAV,1.766226,1.96008,Luscinia megarhynchos
AM4_20230601_091000.WAV,2.265939,3.261057,Luscinia megarhynchos
AM4_20230601_091000.WAV,2.265939,2.390867,Merops apiaster
AM4_20230601_091000.WAV,2.718265,2.838886,Merops apiaster
AM4_20230601_091000.WAV,3.062895,3.187823,Merops apiaster
AM4_20230601_091000.WAV,3.502298,3.57,Merops apiaster
AM4_20230601_091000.WAV,3.88139,4.027858,Merops apiaster
AM4_20230601_091000.WAV,4.22602,4.885123,Unk
AM4_20230601_091000.WAV,4.842045,4.966973,Merops apiaster
AM4_20230601_091000.WAV,5.320218,5.746697,Chloris chloris
AM4_20230601_091000.WAV,5.811315,6.341183,Unk
AM4_20230601_091000.WAV,6.405801,7.185526,Luscinia megarhynchos
AM4_20230601_091000.WAV,6.927053,7.400919,Merops apiaster
AM4_20230601_091000.WAV,7.685238,7.810167,Merops apiaster
AM4_20230601_091000.WAV,8.184951,8.266801,Merops apiaster
AM4_20230601_091000.WAV,8.434808,8.891442,Chloris chloris
AM4_20230601_091000.WAV,8.727743,8.861287,Merops apiaster
AM4_20230601_091000.WAV,10.015796,10.588742,Chloris chloris
AM4_20230601_091000.WAV,10.208571,10.261344,Merops apiaster
AM4_20230601_091000.WAV,10.433659,10.562895,Merops apiaster
AM4_20230601_091000.WAV,11.695864,11.76479,Merops apiaster
AM4_20230601_091000.WAV,12.062033,12.21,Merops apiaster
AM4_20230601_091000.WAV,12.324813,13.307007,Luscinia megarhynchos
AM4_20230601_091000.WAV,12.561746,12.742677,Merops apiaster
AM4_20230601_091000.WAV,12.642857,13.199311,Chloris chloris
AM4_20230601_091000.WAV,13.332855,14.039345,Chloris chloris
AM4_20230601_091000.WAV,14.478748,14.612292,Merops apiaster
AM4_20230601_091000.WAV,14.840609,15.06031,Merops apiaster
AM4_20230601_091000.WAV,15.286473,15.400632,Merops apiaster
AM4_20230601_091000.WAV,15.34463,15.809879,Chloris chloris
AM4_20230601_091000.WAV,15.844342,16.339747,Unk
AM4_20230601_091000.WAV,16.076967,16.180356,Merops apiaster
AM4_20230601_091000.WAV,16.860999,17.296094,Chloris chloris
AM4_20230601_091000.WAV,17.253016,17.800115,Unk
AM4_20230601_091000.WAV,17.955198,18.329983,Chloris chloris
AM4_20230601_091000.WAV,18.131821,18.282596,Merops apiaster
AM4_20230601_091000.WAV,18.27398,18.441987,Unk
AM4_20230601_091000.WAV,18.515221,19.579265,Luscinia megarhynchos
AM4_20230601_091000.WAV,19.639575,19.842045,Unk
AM4_20230601_091000.WAV,19.8722,19.99282,Unk
AM4_20230601_091000.WAV,20.292217,20.367605,Merops apiaster
AM4_20230601_091000.WAV,20.886703,21.039632,Merops apiaster
AM4_20230601_091000.WAV,21.087019,21.470419,Chloris chloris
AM4_20230601_091000.WAV,21.720276,22.146755,Unk
AM4_20230601_091000.WAV,22.17691,22.754164,Merops apiaster
AM4_20230601_091000.WAV,23.620046,24.447157,Luscinia megarhynchos
AM4_20230601_091000.WAV,24.516083,25.420735,Unk
AM4_20230601_091000.WAV,24.731476,26.510626,Unk
AM4_20230601_091000.WAV,26.26077,26.424469,Merops apiaster
AM4_20230601_091000.WAV,26.78633,27.449742,Unk
AM4_20230601_091000.WAV,27.940839,28.36301,Unk
AM4_20230601_091000.WAV,28.36301,29.215968,Luscinia megarhynchos
AM4_20230601_091000.WAV,29.444285,35.311603,Unk
AM4_20230601_091000.WAV,31.92131,33.054279,Unk
AM4_20230601_091000.WAV,35.970706,37.448306,Unk
AM4_20230601_091000.WAV,37.521539,39.089604,Luscinia megarhynchos
AM4_20230601_091000.WAV,39.830557,41.053992,Unk
AM4_20230601_091000.WAV,39.856404,42.436818,Unk
AM4_20230601_091000.WAV,42.772832,43.690408,Luscinia megarhynchos
AM4_20230601_091000.WAV,44.887995,46.158817,Unk
AM4_20230601_091000.WAV,46.37421,47.451177,Curruca melanocephala
AM4_20230601_091000.WAV,50.087593,50.656232,Luscinia megarhynchos
AM4_20230601_091000.WAV,52.952326,54.162837,Unk
AM4_20230601_091000.WAV,54.184377,55.132108,Luscinia megarhynchos
AM4_20230601_091000.WAV,55.235497,55.907524,Unk
AM4_20230601_091000.WAV,56.071223,56.183228,Unk
AM4_20230601_091000.WAV,56.364159,56.506318,Unk
AM4_20230601_091000.WAV,56.657094,56.777714,Unk
AM4_20230601_091000.WAV,56.958644,57.10942,Unk
AM4_20230601_091000.WAV,57.178346,60.0,Unk
AM4_20230601_091000.WAV,59.237507,60.0,Luscinia megarhynchos
AM4_20230601_092000.WAV,0.314474,1.369902,Unk
AM4_20230601_092000.WAV,0.3834,0.422171,Emberiza calandra
AM4_20230601_092000.WAV,1.163125,1.206203,Emberiza calandra
AM4_20230601_092000.WAV,1.421597,1.468983,Emberiza calandra
AM4_20230601_092000.WAV,1.990235,2.063469,Emberiza calandra
AM4_20230601_092000.WAV,2.356404,2.412407,Emberiza calandra
AM4_20230601_092000.WAV,2.95089,3.187823,Unk
AM4_20230601_092000.WAV,3.15336,3.205055,Emberiza calandra
AM4_20230601_092000.WAV,3.47645,3.920161,Unk
AM4_20230601_092000.WAV,3.812464,3.859851,Emberiza calandra
AM4_20230601_092000.WAV,4.81189,4.966973,Unk
AM4_20230601_092000.WAV,6.263642,6.927053,Hieraaetus pennatus
AM4_20230601_092000.WAV,6.883975,7.129523,Unk
AM4_20230601_092000.WAV,7.064905,7.70247,Unk
AM4_20230601_092000.WAV,7.228604,7.37938,Unk
AM4_20230601_092000.WAV,7.982481,11.799253,Unk
AM4_20230601_092000.WAV,8.891442,9.012062,Unk
AM4_20230601_092000.WAV,11.222124,11.433084,Unk
AM4_20230601_092000.WAV,11.648478,12.294658,Unk
AM4_20230601_092000.WAV,14.039345,14.21166,Unk
AM4_20230601_092000.WAV,15.637565,15.775416,Unk
AM4_20230601_092000.WAV,17.619184,17.774268,Unk
AM4_20230601_092000.WAV,17.619184,17.774268,Unk
AM4_20230601_092000.WAV,18.062895,19.919586,Unk
AM4_20230601_092000.WAV,21.530729,22.969558,Unk
AM4_20230601_092000.WAV,21.573808,21.720276,Unk
AM4_20230601_092000.WAV,24.094286,25.123492,Unk
AM4_20230601_092000.WAV,27.29035,27.854681,Unk
AM4_20230601_092000.WAV,27.89776,29.026422,Luscinia megarhynchos
AM4_20230601_092000.WAV,35.427915,36.013785,Unk
AM4_20230601_092000.WAV,35.445146,35.531304,Unk
AM4_20230601_092000.WAV,37.17691,39.890867,Unk
AM4_20230601_092000.WAV,39.649627,40.623205,Unk
AM4_20230601_092000.WAV,42.324813,43.121769,Luscinia megarhynchos
AM4_20230601_092000.WAV,45.336014,45.443711,abiotic noise
AM4_20230601_092000.WAV,48.03274,48.226594,Luscinia megarhynchos
AM4_20230601_092000.WAV,49.4888,60.004308,Carduelis carduelis
AM4_20230601_092000.WAV,50.837163,52.788627,Unk
AM4_20230601_092000.WAV,58.74641,59.095348,Unk
AM4_20230601_092000.WAV,59.138426,59.871429,Unk
AM4_20230601_093000.WAV,0.529906,1.292361,Curruca melanocephala
AM4_20230601_093000.WAV,1.904215,3.747846,uNK
AM4_20230601_093000.WAV,3.786617,6.061607,CURUND/CURMEL
AM4_20230601_093000.WAV,6.961516,8.141872,Unk
AM4_20230601_093000.WAV,8.379407,8.831132,Luscinia megarhynchos
AM4_20230601_093000.WAV,10.85583,14.612292,Unk
AM4_20230601_093000.WAV,15.11309,16.151361,Merops apiaster
AM4_20230601_093000.WAV,16.366769,16.681267,Curruca undata
AM4_20230601_093000.WAV,17.913406,20.591614,Curruca melanocephala
AM4_20230601_093000.WAV,21.315336,22.122496,Unk
AM4_20230601_093000.WAV,22.122496,22.46715,Curruca undata
AM4_20230601_093000.WAV,22.573234,23.470956,Unk
AM4_20230601_093000.WAV,23.979321,25.043441,Unk
AM4_20230601_093000.WAV,24.173189,24.293818,Merops apiaster
AM4_20230601_093000.WAV,25.521648,27.484204,Curruca melanocephala
AM4_20230601_093000.WAV,28.046241,29.674732,Luscinia megarhynchos
AM4_20230601_093000.WAV,31.37421,33.67892,Unk
AM4_20230601_093000.WAV,33.827816,34.211244,Unk
AM4_20230601_093000.WAV,34.405112,35.19529,Unk
AM4_20230601_093000.WAV,35.391298,38.253877,Curruca melanocephala
AM4_20230601_093000.WAV,38.357266,38.816687,Unk
AM4_20230601_093000.WAV,39.191498,39.343768,Merops apiaster
AM4_20230601_093000.WAV,39.704172,40.591656,Unk
AM4_20230601_093000.WAV,40.196726,40.307317,Merops apiaster
AM4_20230601_093000.WAV,41.256462,41.358512,Merops apiaster
AM4_20230601_093000.WAV,41.285273,43.172255,Unk
AM4_20230601_093000.WAV,43.27996,43.996267,Unk
AM4_20230601_093000.WAV,44.315049,47.786314,CURUND/CURMEL
AM4_20230601_093000.WAV,48.566094,49.423422,Unk
AM4_20230601_093000.WAV,50.087593,51.04394,Unk
AM4_20230601_093000.WAV,50.233359,50.466001,Unk
AM4_20230601_093000.WAV,52.818782,54.51138,Curruca melanocephala
AM4_20230601_093000.WAV,52.878581,53.021252,Merops apiaster
AM4_20230601_093000.WAV,53.210798,53.361097,Merops apiaster
AM4_20230601_093000.WAV,54.51138,56.015221,Unk
AM4_20230601_093000.WAV,54.697013,54.847789,Merops apiaster
AM4_20230601_093000.WAV,55.132108,55.282544,Merops apiaster
AM4_20230601_093000.WAV,55.594286,55.799526,Merops apiaster
AM4_20230601_093000.WAV,56.049684,56.506318,Curruca melanocephala
AM4_20230601_093000.WAV,56.213383,56.622388,Merops apiaster
AM4_20230601_093000.WAV,57.953615,59.982767,Unk
AM4_20230601_093000.WAV,58.03547,58.22503,Merops apiaster
AM4_20230601_094000.WAV,0.327422,1.594026,Luscinia megarhynchos
AM4_20230601_094000.WAV,1.882539,2.063469,Unk
AM4_20230601_094000.WAV,3.097358,3.19236,Cisticola juncidis
AM4_20230601_094000.WAV,3.786617,4.075244,Unk
AM4_20230601_094000.WAV,5.593768,6.4795,Luscinia megarhynchos
AM4_20230601_094000.WAV,6.901206,6.996482,Cisticola juncidis
AM4_20230601_094000.WAV,9.99641,10.787679,Unk
AM4_20230601_094000.WAV,12.799598,14.21166,Luscinia megarhynchos
AM4_20230601_094000.WAV,14.548718,15.156171,Unk
AM4_20230601_094000.WAV,16.444317,16.602527,Unk
AM4_20230601_094000.WAV,21.691678,23.065987,Luscinia megarhynchos
AM4_20230601_094000.WAV,28.326273,29.700581,Luscinia megarhynchos
AM4_20230601_094000.WAV,31.221368,31.31184,Cisticola juncidis
AM4_20230601_094000.WAV,40.002872,40.196726,Unk
AM4_20230601_094000.WAV,40.212537,40.307317,Cisticola juncidis
AM4_20230601_094000.WAV,42.80606,44.926766,Unk
AM4_20230601_094000.WAV,46.618798,46.842823,Luscinia megarhynchos
AM4_20230601_094000.WAV,46.786817,47.747541,Waterbird
AM4_20230601_094000.WAV,47.013929,47.533027,Curruca melanocephala
AM4_20230601_094000.WAV,47.942275,48.226594,Curruca melanocephala
AM4_20230601_094000.WAV,48.583327,48.996912,Waterbird
AM4_20230601_094000.WAV,49.203705,49.910246,Saxicola rubicola
AM4_20230601_094000.WAV,49.643139,50.087593,Unk
AM4_20230601_094000.WAV,50.305141,50.758957,Unk
AM4_20230601_094000.WAV,51.064838,51.586127,Unk
AM4_20230601_094000.WAV,51.905514,55.610281,Saxicola rubicola
AM4_20230601_094000.WAV,57.070649,58.354276,Saxicola rubicola
AM4_20230601_094000.WAV,57.178346,58.419012,Luscinia megarhynchos
AM4_20230601_094000.WAV,58.496445,58.681697,Curruca undata
AM4_20230601_094000.WAV,58.74641,59.603647,Saxicola rubicola
AM4_20230601_094000.WAV,59.237507,60.0,Luscinia megarhynchos
AM4_20230601_095000.WAV,0.0,2.550442,abiotic noise
AM4_20230601_095000.WAV,0.254183,1.369902,Unk
AM4_20230601_095000.WAV,3.411832,3.502298,Cisticola juncidis
AM4_20230601_095000.WAV,4.097078,4.187249,Cisticola juncidis
AM4_20230601_095000.WAV,4.316485,8.332017,Unk
AM4_20230601_095000.WAV,9.360999,10.834291,Cisticola juncidis
AM4_20230601_095000.WAV,10.19315,11.968119,Unk
AM4_20230601_095000.WAV,13.832567,14.940762,Curruca melanocephala
AM4_20230601_095000.WAV,15.961801,18.409678,Unk
AM4_20230601_095000.WAV,19.165709,19.99282,Unk
AM4_20230601_095000.WAV,19.8722,19.916708,abiotic noise
AM4_20230601_095000.WAV,20.744543,20.79193,abiotic noise
AM4_20230601_095000.WAV,22.069213,22.280299,Unk
AM4_20230601_095000.WAV,23.509729,24.132682,Unk
AM4_20230601_095000.WAV,25.762906,29.052269,Unk
AM4_20230601_095000.WAV,32.235784,39.531844,Unk
AM4_20230601_095000.WAV,34.105399,34.224169,abiotic noise
AM4_20230601_095000.WAV,41.092763,42.354968,Unk
AM4_20230601_095000.WAV,43.628922,46.025273,Unk
AM4_20230601_095000.WAV,46.667145,51.056221,Unk
AM4_20230601_095000.WAV,53.452039,54.140877,Unk
AM4_20230601_095000.WAV,55.777985,59.215911,Unk
AM4_20230601_100000.WAV,0.366169,0.930567,Galerida theklae
AM4_20230601_100000.WAV,0.560023,0.693567,Cisticola juncidis
AM4_20230601_100000.WAV,1.115738,1.710224,Curruca melanocephala
AM4_20230601_100000.WAV,1.787766,5.919012,Galerida theklae
AM4_20230601_100000.WAV,6.143462,6.927053,Curruca melanocephala
AM4_20230601_100000.WAV,10.063905,11.584692,Galerida theklae
AM4_20230601_100000.WAV,12.407554,12.484204,Cisticola juncidis
AM4_20230601_100000.WAV,12.699598,13.199311,Curruca melanocephala
AM4_20230601_100000.WAV,15.121706,16.180356,Curruca melanocephala
AM4_20230601_100000.WAV,15.637565,18.473469,Galerida theklae
AM4_20230601_100000.WAV,18.441987,20.712234,Curruca melanocephala
AM4_20230601_100000.WAV,20.218281,20.351834,Unk
AM4_20230601_100000.WAV,22.090752,24.440296,Galerida theklae
AM4_20230601_100000.WAV,24.731476,28.763642,Curruca melanocephala
AM4_20230601_100000.WAV,28.153945,28.88857,Unk
AM4_20230601_100000.WAV,28.987651,31.247217,Falco tinnunculus
AM4_20230601_100000.WAV,31.37421,31.660803,Lanius sp
AM4_20230601_100000.WAV,31.850362,32.235784,Unk
AM4_20230601_100000.WAV,32.32857,35.311603,Galerida theklae
AM4_20230601_100000.WAV,35.271429,36.399799,Curruca melanocephala
AM4_20230601_100000.WAV,38.930213,39.089604,Unk
AM4_20230601_100000.WAV,41.794945,43.706469,Galerida theklae
AM4_20230601_100000.WAV,45.110935,45.18093,Cisticola juncidis
AM4_20230601_100000.WAV,45.80886,45.90896,Cisticola juncidis
AM4_20230601_100000.WAV,47.06254,47.942275,Unk
AM4_20230601_100000.WAV,48.069357,48.493682,Tringa totanus
AM4_20230601_100000.WAV,48.532453,48.911545,Actitis hypoleucos
AM4_20230601_100000.WAV,48.911545,49.910246,Unk
AM4_20230601_100000.WAV,49.643139,49.729303,Cisticola juncidis
AM4_20230601_100000.WAV,50.591614,54.877944,Unk
AM4_20230601_100000.WAV,51.082071,53.421411,Cisticola juncidis
AM4_20230601_100000.WAV,54.912407,59.681194,Cisticola juncidis
AM4_20230601_100000.WAV,55.369041,58.009621,Unk
AM4_20230601_101000.WAV,0.28434,0.930567,Unk
AM4_20230601_101000.WAV,1.240755,2.675379,Luscinia megarhynchos
AM4_20230601_101000.WAV,2.718265,3.15336,Unk
AM4_20230601_101000.WAV,4.532204,5.850506,Unk
AM4_20230601_101000.WAV,5.509765,6.612579,Galerida theklae
AM4_20230601_101000.WAV,6.745714,6.901206,Unk
AM4_20230601_101000.WAV,7.23774,7.487614,Unk
AM4_20230601_101000.WAV,7.59101,9.663244,Galerida theklae
AM4_20230601_101000.WAV,9.266892,9.520391,Unk
AM4_20230601_101000.WAV,9.873636,11.256462,Unk
AM4_20230601_101000.WAV,11.748402,12.130959,Galerida theklae
AM4_20230601_101000.WAV,12.040494,12.41617,Unk
AM4_20230601_101000.WAV,12.334315,12.940839,Luscinia megarhynchos
AM4_20230601_101000.WAV,12.420478,13.027931,Galerida theklae
AM4_20230601_101000.WAV,12.642857,12.874286,Unk
AM4_20230601_101000.WAV,13.015007,13.62,Unk
AM4_20230601_101000.WAV,13.88857,14.017806,Unk
AM4_20230601_101000.WAV,15.944568,17.732462,Unk
AM4_20230601_101000.WAV,17.774268,18.757808,Luscinia megarhynchos
AM4_20230601_101000.WAV,19.830545,20.712234,Galerida theklae
AM4_20230601_101000.WAV,20.744543,21.470419,Unk
AM4_20230601_101000.WAV,21.470419,21.827972,Curruca melanocephala
AM4_20230601_101000.WAV,21.905514,22.504308,Galerida theklae
AM4_20230601_101000.WAV,22.661018,23.113377,Curruca undata
AM4_20230601_101000.WAV,23.117685,23.253877,Curruca melanocephala
AM4_20230601_101000.WAV,23.29432,23.654509,Unk
AM4_20230601_101000.WAV,23.638975,24.151648,Unk
AM4_20230601_101000.WAV,24.586774,25.857686,Curruca melanocephala
AM4_20230601_101000.WAV,29.011273,30.006462,Unk
AM4_20230601_101000.WAV,30.079701,31.566023,Galerida theklae
AM4_20230601_101000.WAV,31.660803,32.578445,Luscinia megarhynchos
AM4_20230601_101000.WAV,33.827816,34.135554,Unk
AM4_20230601_101000.WAV,34.28633,34.79035,Unk
AM4_20230601_101000.WAV,34.958357,35.311603,Unk
AM4_20230601_101000.WAV,36.36703,36.765508,Luscinia megarhynchos
AM4_20230601_101000.WAV,36.765508,36.952901,Unk
AM4_20230601_101000.WAV,37.847347,38.584045,Luscinia megarhynchos
AM4_20230601_101000.WAV,42.276154,42.418324,Unk
AM4_20230601_101000.WAV,42.719896,42.906376,Unk
AM4_20230601_101000.WAV,42.772832,43.435054,Unk
AM4_20230601_101000.WAV,43.508293,44.206218,Unk
AM4_20230601_101000.WAV,44.318231,44.586445,Unk
AM4_20230601_101000.WAV,45.227256,45.495405,Unk
AM4_20230601_101000.WAV,45.577254,45.826093,abiotic noise
AM4_20230601_101000.WAV,54.675091,55.183802,Unk
AM4_20230601_101000.WAV,56.38139,56.687249,Curruca melanocephala
AM4_20230601_101000.WAV,58.492137,58.69893,Curruca melanocephala
AM4_20230601_101000.WAV,59.853522,59.948302,abiotic noise
AM4_20230601_102000.WAV,1.882539,6.759532,Galerida theklae
AM4_20230601_102000.WAV,2.063469,3.062895,Unk
AM4_20230601_102000.WAV,8.266801,9.249659,Unk
AM4_20230601_102000.WAV,8.568352,8.831132,Galerida theklae
AM4_20230601_102000.WAV,9.360999,9.585697,Unk
AM4_20230601_102000.WAV,9.723559,9.826955,Unk
AM4_20230601_102000.WAV,10.033747,10.675666,Galerida theklae
AM4_20230601_102000.WAV,10.231924,10.343194,Unk
AM4_20230601_102000.WAV,11.054786,11.192647,Unk
AM4_20230601_102000.WAV,11.222124,13.966111,Galerida theklae
AM4_20230601_102000.WAV,13.996267,14.345204,Unk
AM4_20230601_102000.WAV,15.187392,15.87019,Galerida theklae
AM4_20230601_102000.WAV,18.131821,19.933941,Paridae
AM4_20230601_102000.WAV,27.046744,30.391831,Galerida theklae
AM4_20230601_102000.WAV,34.607597,36.36703,Curruca undata
AM4_20230601_102000.WAV,35.826811,36.802125,Unk
AM4_20230601_102000.WAV,36.074095,37.623321,Unk
AM4_20230601_102000.WAV,36.977095,37.280299,Saxicola rubicola
AM4_20230601_102000.WAV,37.448306,38.416026,Saxicola rubicola
AM4_20230601_102000.WAV,39.531844,39.830557,Saxicola rubicola
AM4_20230601_102000.WAV,40.65336,40.97645,Saxicola rubicola
AM4_20230601_102000.WAV,41.894026,43.310117,Curruca undata
AM4_20230601_102000.WAV,42.719896,44.115746,Unk
AM4_20230601_102000.WAV,43.547067,43.603073,Saxicola rubicola
AM4_20230601_102000.WAV,43.814174,43.883105,Saxicola rubicola
AM4_20230601_102000.WAV,44.115746,44.167444,Saxicola rubicola
AM4_20230601_102000.WAV,44.331155,44.39259,Saxicola rubicola
AM4_20230601_102000.WAV,45.442665,45.495405,Saxicola rubicola
AM4_20230601_102000.WAV,46.025273,51.750431,Galerida theklae
AM4_20230601_102000.WAV,53.292648,54.382539,Unk
AM4_20230601_102000.WAV,55.235497,57.423709,Galerida theklae
AM4_20230601_103000.WAV,3.015725,3.411832,Luscinia megarhynchos
AM4_20230601_103000.WAV,4.773462,7.556545,CURUND/CURMEL
AM4_20230601_103000.WAV,8.314784,8.602814,Luscinia megarhynchos
AM4_20230601_103000.WAV,9.938967,11.695864,Unk
AM4_20230601_103000.WAV,14.259047,14.612292,Luscinia megarhynchos
AM4_20230601_103000.WAV,14.978461,18.441987,Unk
AM4_20230601_103000.WAV,20.213973,20.522688,Luscinia megarhynchos
AM4_20230601_103000.WAV,21.377181,21.470419,abiotic noise
AM4_20230601_103000.WAV,21.63998,24.173189,Unk
AM4_20230601_103000.WAV,26.26077,26.473756,Unk
AM4_20230601_103000.WAV,27.262153,29.200833,CURUND/CURMEL
AM4_20230601_103000.WAV,30.079701,30.320959,Luscinia megarhynchos
AM4_20230601_103000.WAV,30.717312,31.040425,Unk
AM4_20230601_103000.WAV,31.169586,32.235784,Unk
AM4_20230601_103000.WAV,32.806778,32.94464,Unk
AM4_20230601_103000.WAV,33.151432,33.259137,Cisticola juncidis
AM4_20230601_103000.WAV,33.394286,34.155238,Luscinia megarhynchos
AM4_20230601_103000.WAV,34.480184,34.607597,Unk
AM4_20230601_103000.WAV,36.257629,36.323952,Unk
AM4_20230601_103000.WAV,37.140805,38.019674,Unk
AM4_20230601_103000.WAV,37.508616,37.601781,Cisticola juncidis
AM4_20230601_103000.WAV,37.547387,38.054139,Luscinia megarhynchos
AM4_20230601_103000.WAV,37.847347,38.09664,Unk
AM4_20230601_103000.WAV,38.07568,38.912981,Unk
AM4_20230601_103000.WAV,38.372944,38.493573,Cisticola juncidis
AM4_20230601_103000.WAV,38.390177,38.721907,Unk
AM4_20230601_103000.WAV,39.830557,40.110569,Unk
AM4_20230601_103000.WAV,42.418324,43.228261,Unk
AM4_20230601_103000.WAV,42.457098,44.315049,Curruca melanocephala
AM4_20230601_103000.WAV,43.814174,44.705967,Luscinia megarhynchos
AM4_20230601_103000.WAV,44.53475,45.71408,Unk
AM4_20230601_103000.WAV,48.333453,49.785309,Unk
AM4_20230601_103000.WAV,48.743538,48.911545,Unk
AM4_20230601_103000.WAV,49.272636,49.445721,Unk
AM4_20230601_103000.WAV,50.198894,52.008903,Curruca melanocephala
AM4_20230601_103000.WAV,53.919443,55.497953,Unk
AM4_20230601_103000.WAV,56.38139,59.76305,Unk
AM4_20230601_103000.WAV,58.186257,58.259621,Cisticola juncidis
AM4_20230601_103000.WAV,58.910109,59.000574,Cisticola juncidis
AM4_20230601_103000.WAV,59.672602,59.76305,Cisticola juncidis
AM4_20230601_104000.WAV,11.549397,14.932146,Unk
AM4_20230601_104000.WAV,30.088318,32.171166,Unk
AM4_20230601_104000.WAV,33.465929,34.037143,abiotic noise
AM4_20230601_104000.WAV,39.559161,39.682631,Unk
AM4_20230601_104000.WAV,41.256462,41.329696,Unk
AM4_20230601_104000.WAV,41.497702,43.310117,Unk
AM4_20230601_104000.WAV,43.32735,43.469519,Unk
AM4_20230601_104000.WAV,45.336014,45.446973,Unk
AM4_20230601_104000.WAV,46.912694,47.013929,Unk
AM4_20230601_104000.WAV,47.269333,48.014648,Saxicola rubicola
AM4_20230601_104000.WAV,48.893516,49.035686,Unk
AM4_20230601_104000.WAV,51.375646,52.279744,Unk
AM4_20230601_104000.WAV,53.787607,53.887134,Unk
AM4_20230601_104000.WAV,59.207295,59.302075,Unk
AM4_20230601_105000.WAV,0.529906,0.835787,Unk
AM4_20230601_105000.WAV,5.249138,6.745714,Luscinia megarhynchos
AM4_20230601_105000.WAV,9.520391,9.791786,Unk
AM4_20230601_105000.WAV,12.604825,17.732462,Unk
AM4_20230601_105000.WAV,18.825388,18.894314,Unk
AM4_20230601_105000.WAV,28.690408,29.638139,Curruca melanocephala
AM4_20230601_105000.WAV,31.040425,31.77915,Curruca melanocephala
AM4_20230601_105000.WAV,31.660803,31.77915,Unk
AM4_20230601_105000.WAV,33.091118,33.233288,Unk
AM4_20230601_105000.WAV,34.745458,34.939326,Unk
AM4_20230601_105000.WAV,38.945932,39.856404,Unk
AM4_20230601_105000.WAV,40.785524,41.006605,Unk
AM4_20230601_105000.WAV,42.070649,42.324813,Unk
AM4_20230601_105000.WAV,48.143893,53.955625,Unk
AM4_20230601_105000.WAV,56.329696,58.22503,Unk
AM4_20230601_110000.WAV,2.86063,17.646298,abiotic noise
AM4_20230601_110000.WAV,18.062895,19.060167,Unk
AM4_20230601_110000.WAV,26.193724,32.259639,abiotic noise
AM4_20230601_110000.WAV,36.765508,36.901206,Unk
AM4_20230601_110000.WAV,37.308824,37.988943,Unk
AM4_20230601_110000.WAV,39.738637,60.0,abiotic noise
AM4_20230601_110000.WAV,42.56911,42.940839,Unk
AM4_20230601_110000.WAV,43.25411,43.947727,Unk
AM4_20230601_110000.WAV,54.287355,54.46008,Unk
